word	formalized_word
22nya	dua-duanya
2x dua kali
7an	tujuan
@	di
Kacab	kepala cabang
Kontrak2	kontrak-kontrak
KorWil	koordinator wilayah
a	nya
aaaaaaaaaaaaaaaaammmmmmmmmmiiiiiiiiiinnnnnnnnnnnnmmmm	amin
aaaaaaakkk	ah
aaaaahhhh	ah
aaaammmiiiinnnn	amin
aaahh	ah
aaamiiin	amin
aaamiiinnn	amin
aaamiiinnnn	amin
aaamin	amin
aah	ah
aahh	ah
aama	sama
aamien	amien
aamiiiiinnn	amin
aamiiiin	amin
aamiiiinnnnn	amin
aamiiin	amin
aamiin	amin
aamiinin	amin
aamiinn	amin
aamiinnn	amin
aamin	amin
aaminn	amin
ababil	anak baru gede labil
abal"	abal-abal
abal2	abal-abal
abanggg	abang
abanggku	abangku
abeees	habis
abes	habis
abez	habis
abg	abang
abgnya	abangnya
abgnyaah	abangnya
abiiiiisssss	habis
abiiiss	habis
abis	habis
abis2	habis-habis
abiss	habis
abisss	habis
abiz	habis
abizzz	habis
abizzzz	habis
abs	habis
acak"n	acak-acakan
acara2	acara-acara
acarax	acaranya
acc	accord
acra	acara
ad	ada
ada2	ada-ada
adaa	ada
adain	adakan
adain	mengadakan
adapin	menghadapi
add	ada
adduuuhhh	aduh
ade	adek
adeeek	adek
adek2	adek-adek
adekx	adeknya
ademm	adem
ademmm	adem
adengan	adegan
adenya	adeknya
adeuh	aduh
adiik	adik
adkah	adakah
adl	adalah
adlah	adalah
adlh	adalah
adoh	aduh
aduhh	aduh
aduhhh	aduh
aduhhhhhhhhh	aduh
aduuh	aduh
aduuhh	aduh
aduuhhh	aduh
aduuhhhh	aduh
aduuuh	aduh
adyem	adem
ae	saja
aee	saja
aelah	alah
aer	air
afaik	as far as i know
agama'ny	agamanya
agan2	agan-agan
agk	agak
agma	agama
aha	tertawa
ahaha	haha
ahahahanjirrr	anjir
ahh	ah
ahhh	ah
ahhhh	ah
aing	saya
aj	saja
aja	saja
ajaa	saja
ajaaa	saja
ajaaahhhhh	saja
ajah	saja
ajahhh	saja
ajaibb	ajaib
ajaibbbbb	ajaib
ajakin	mengajak
ajarin	ajarkan
aje	saja
ajep-ajep	dunia gemerlap
ajh	saja
ajha	saja
ajhh	saja
ajibb	ajib
ajj	saja
ajja	saja
ajjh	saja
ak	aku
aka	dikenal juga sebagai
akau	aku
akherot	akhirat
akhir2	akhir-akhir
akhirny	akhirnya
akhirt	akhirat
akhlah	akhlak
akhr	akhir
akhrnya	akhirnya
akhrt	akhirat
akika	aku
akko	aku
akkoh	aku
akku	aku
akn	akan
aktifin	aktifkan
akuh	aku
akuhh	aku
akuu	aku
akuuu	aku
akuuuur	akur
akuwh	aku
akyu	aku
ala2	ala-ala
alaami	alami
alak	kepala
alakadarnya	seadanya
alamii	alami
alamiii	alami
alay	norak
alesannya	alasannya
alesanya	alasannya
alhamd	alhamdulillah
alhamdlh	alhamdulillah
alhamdllh	aalhamdulillah
alhamdulilh	alhamdulillah
alhamdulillaaaaah	alhamdulillah
alhmdlh	alhamdulillah
alhmdllah	alhamdullilah
alhmdllh	alhamdulillah
alhmdulillah	alhaldulillah
alissnyaa	alisnya
aljasa	asal jadi saja
alkhamdulilah	alhamdulillah
allaahh	allah
allahh	allah
allahhhh	allah
allahhhhhh	allah
allahhhhhhh	allah
alloh	allah
alm	almarhum
almh	almarhumah
aloh	allah
alow	halo
alu	aku
am	sama
ama	sama
amaattt	amat
amad	amat
amatt	amat
ambilin	ambilkan
ambilin	mengambil
ambl	ambil
ameen	amin
amen	amin
amfun	ampun
amien	amin
amiend	amien
amiend	amin
amienn	amien
amienn	amin
amiennn	amien
amiennn	amin
amiennnn	amien
amiennnn	amin
amiien	amien
amiien	amin
amiienn	amin
amiiiiiiiiiiiiiiiiin	amin
amiiiiiiiiiiin	amin
amiiiiiiiiiinnnnnnn	amin
amiiiiin	amin
amiiiiinnn	amin
amiiiiinnnnn	amin
amiiiin	amin
amiiin	amin
amiiinn	amin
amiiinnn	amin
amiiinnnn	amin
amiin	amin
amiinn	amin
amiinnn	amin
amiinnnn	amin
amin2	amin-amin
aminn	amin
aminn2	amin-amin
aminnn	amin
aminnnn	amin
aminnnn2	amin-amin
aminnnnn	amin
amit2	amit-amit
ammiiin	amin
ammiinn	amin
ammin	amin
amn	aman
amohhh	kamu
ampe	sampai
amploppp	amplop
ampunn	ampun
ampunnnn	ampun
ampunnnnn	ampun
ampuun	ampun
ampuunn	ampun
ampuuun	ampun
ampuuunn	ampun
ampyunnnn	ampun
amu	kamu
anak"	anak-anak
anak'y	anaknya
anak2	anak-anak
anak2e	anak-anaknya
anak2mu	anak-anakmu
anak2nya	anak-anaknya
anakny	anaknya
anakx	anaknya
anak²	anak-anak
ancur	hancur
ancurrr	hancur
andaaa	anda
aned	banget
anedh	banget
aneed	banget
aneh2	aneh-aneh
anehhh	aneh
aneut	banget
angus	hangus
anj	anjing
anjaaaayyyyyy	anjay
anjaayy	anjay
anjayyyy	anjay
anjingnyaa	anjingnya
anjir	anjing
anjirr	anjir
anjirrr	anjir
anjirrrr	anjir
anjjjjjjjj	anjing
anjrit	anjing
ank	anak
ank"	anak-anak
ank"ny	anak-anaknya
ank2	anak-anak
ank2nya	anak-anaknya
ankknyaaa	anaknya
anknya	anaknya
ankq	anakku
ankx	anaknya
annnnjjjjjjrrrr	anjir
antarn	antarkan
anter	antar
anterin	antar
anterin	antarkan
antr	antar
anugrah	anugerah
anyeng	anjing
ap	apa
ap2	apa-apa
apa"	apa-apa
apa2	apa-apa
apa2nya	apa-apanya
apaa	apa
apaaa	apa
apaaan	apaan
apaalahh	apalah
apaan	apa
apah	apa
apain	apai
apal	hapal
apalagiii	apalagi
apalai	apalagi
apalg	apalagi
apalgi	apalagi
apasih	apa sih
apasihhh	apasih
ape	apa
apes	sial
aph	apa
apikkkk	apik
aplikasi'y	aplikasinya
aplikasiin	mengaplikasikan
aplikasiny	aplikasinya
aplks	aplikasi
aplot	unggah
apo	apa
appa	apa
applikasi	aplikasi
aps	apa
apun	apapun
apus	hapus
apva	apa
aq	aku
aq	saya
aqu	aku
aquwh	aku
arab2	arab-arab
arghhh	ah
arisanx	arisannya
arisany	arisannya
arisn	arisan
arissn	arisan
arosan	arisan
arsannya	arisannya
arsn	arisan
artis"	artis-artis
artis2	artis-artis
artisnyaa	artisnya
artist"	artis-artis
artix	artinya
asap	sesegera mungkin
asbun	asal bunyi
aseek	asyik
asekk	asyik
aseknya	asyiknya
asem	asam
asiiikkk	asik
asikkk	asik
asliii	asli
asliiii	asli
asliiiii	asli
aslinyo	aslinya
asoy	asyik
aspal	asli tetapi palsu
assiiik	asik
astafirullah	astagfirullah
astagaa	astaga
astagaaa	astaga
astagaaaa	astaga
astagaaaaaa	astaga
astagaaaaaaaa	astaga
astagfirrullah	astagfirullah
astagfirullh	astagfirullah
astauviruloh	astagfirullah
astgfrlh	astagfirullah
astgfrullah	astagfirullah
astrojim	astagfirullahaladzim
astul	asal tulis
asuuu	asu
asyikkkkk	asyik
atassan	atasan
atassss	atas
ath	kalau begitu
ati"	hati-hati
ati2	hati-hati
ato	atau
ats	atas
atu	satu
atuh	kalau begitu
atuhh	atuh
atuhhh	atuh
atutt	takut
atuu	satu
atw	atau
au ah	tidak mau tahu
aurot	aurat
autuhh	tau tuh
ava	avatar
awaas	awas
awak	saya
awal2	awal-awal
awalny	awalnya
awk	awak
awl	awal
awoohhh	allah
aws	awas
ay	sayang
ayahh	ayah
ayang	sayang
ayank	sayang
ayok	ayo
ayoklaa	ayolah
ayoo	ayo
ayooo	ayo
ayoook	ayo
ayoookkkkkk	ayo
ayoooo	ayo
ayooook	ayo
ayuk	ayo
ayukk	yuk
aza	saja
azaab	azab
azeeeek	asik
azekkkk	asik
b'sama	bersama
b2	berdua
b2an	berduaan
b3	bertiga
b4	sebelum
baaaaaang	bang
baaiikkk	baik
baang	bang
baanget	banget
baanggeettt	banget
babget	banget
baca2	baca-baca
bacaaaa	baca
bacahalah	bacalah
bacot	banyak bicara
bacotin	bacoti
badaaiii	badai
badaii	badai
badingkan	membandingkan
bae2	baik-baik
baek	baik
baek2	baik-baik
bag	bagian
bagaatt	banget
bagaimanaaa	bagaimana
bagaimna	bagaimana
baget	banget
bagi2	bagi-bagi
bagiii	bagi
bagiin	bagikan
bagiin	membagikan
bagus2	bagus-bagus
bagusnyeee	bagusnya
baguss	bagus
bagusss	bagus
bagussss	bagus
baguusss	bagus
baguuus	bagus
baguuuuus	bagus
bahas2	bahas-bahas
baik2	baik-baik
baik2nya	baik-baiknya
baikk	baik
baikxa	baiknya
baik²	baik-baik
baju'a	bajunya
baju.a	bajunya
baju2	baju-baju
bakalan	akan
bakar2in	bakar-bakari
bakattt	bakat
bale	balai
bales	balas
bales2in	balas-membalas
balesin	membalas
bandes	bantuan desa
bandingin	bandingkan
bangat	banget
bangcat	bangsat
bangdes	pembangunan desa
banged	banget
bangedd	banget
bangedh	banget
bangedt	banget
bangeeeeetttt	banget
bangeeeet	banget
bangeeet	banget
bangeeettt	banget
bangeer	banget
bangeet	banget
bangeet	sangat
bangeett	banget
bangeettt	banget
banger	banget
bangets	banget
bangett	banget
bangettt	banget
bangetttt	banget
bangettttt	banget
bangetttttt	banget
bangettttttt	banget
bangetttttttt	banget
bangetttttyt	banget
bangg	bang
bangga"in	membangga-banggakan
bangga2in	membangga-banggakan
banggain	banggakan
banggain"	membangga-banggakan
bangget	banget
banggett	banget
bangke	bangkai
bangkotan	tua
bangkret	bangkrut
bangrt	banget
bangshad	bangsat
bangt	banget
bangt"	banget-banget
banhet	banget
banpol	bantuan polisi
banpres	bantuan presiden
banpur	bantuan tempur
bansarkas	bantuan sarana kesehatan
bante	bantai
bantiannya	bantuannya
bantuanny	bantuannya
bantuim	bantu
banx	bang
banyaaaaaak	banyak
banyaaaak	banyak
banyaak	banyak
banyak2	banyak-banyak
banyakin	membanyaki
bape	bawa perasaan
bapeeeer	bawa perasaan
bapeerr	bawa perasaan
baper	bawa perasaan
baperr	bawa perasaan
baraang	barang
barang"	barang-barang
barang'a	barangnya
barang2	barang-barang
barangx	barangnya
barang²	barang-barang
barenf	bersama
bareng	bersama
bareng-bareng	bersama-sama
bareng2	bersama-saa
barengg	bareng
barokah	berkah
baru2	baru-baru
baruu	baru
basbang	basi
basodaraa	bersaudara
bat	banget
batalin	batalkan
batalinnya	membatalkannya
batesin	batasi
batikk	batik
battt	banget
batwc	banget
bawa"	bawa-bawa
bawa2	bawa-bawa
bawain	bawakan
bawak	bawa
bayangin	bayangkan
bazengg	bajingan
bazis	badan amal, zakat, infak, dan sedekah
bbrp	beberapa
bbrpa	beberapa
bc	baca
bca	baca
bcanda	bercanda
bcnda	bercanda
bcoz	karena
bdampingan	berdampingan
bdan	badan
bdg	bandung
bdn	badan
beb	sayang
bebrp	beberapa
beda2	beda-beda
bedaa	beda
bedaaa	beda
bedain	membedakan
bedainnya	membedakannya
bedanyaaa	bedanya
bedua	berdua
begajulan	nakal
begete	banget
beginii	begini
beginiiii	begini
begok	bego
bejibun	banyak
bejilbbnya	berjilbabnya
bela"in	membela-bela
bela2in	membela-bela
belain	membela
belain"	membela-bela
belanjaa	belanja
beliiin	belikan
beliin	belikan
beliin	membelikan
belikan	membelikan
bellain	membela
belom	belum
belooomm	belum
beluumm	belum
benahin	membenahi
benar"	benar-benar
benar2	benar-benar
benarin	membenarkan
benarr	benar
bencong	banci
benda2	benda-benda
bener	benar
bener"	benar-benar
bener2	benar-benar
beneraan	benaran
beneran	benaran
benerr	benar
benet	benar
benetaran	benaran
bengkak2	bengkak-bengkak
benneeeeeerr	benar
bentar	sebentar
bentarr	bentar
ber x2	berkali-kali
ber'expresi	berekspresi
ber2	berdua
ber3	bertiga
berabotan	perabotan
berangat	berangkat
berani2	berani-berani
berarto	berarti
berasanya	rasanya
berati	berarti
beratttttttt	berat
berbakiti	berbakti
berbeda2	berbeda-beda
berbiiiiiihhh	barbie
berdikari	berdiri di atas kaki sendiri
berenanh	berenang
beresin	membereskan
berfikir	berpikir
bergunaa	berguna
berhijap	berhijab
berjinah	berzina
berkluarga	berkeluarga
bermaksut	bermaksud
bermanpaat	bermanfaat
berminggu2	beminggu-minggu
berntung	beruntung
berres	beres
bertambh	bertambah
bertatto	bertato
bertele2	bertele-tele
bertolernsi	bertoleransi
berturut2	berturut-turut
beruntungnyaaaa	beruntungnya
besar"	besar-besar
besar2an	besar-besaran
besar2in	besar-besarkan
besarin	membesarkan
besokkk	besok
besok²	besok-besok
besook	besok
bet	banget
bete	bosan
beti	beda tipis
bets	banget
bettt	banget
betul2	betul-betul
betuuuuulllllllllllllllll	betul
beud	banget
beudd	banget
beut	banget
bg	abang
bg	bang
bgaimna	bagaimana
bgd	banget
bgect	banget
bget	banget
bgettt	banget
bgi	bagi
bgini	begini
bgitu	begitu
bgmana	bagaimana
bgmn	bagaimana
bgmna	bagaimana
bgni	begini
bgni	seperti ini
bgs	bagus
bgt	banget
bgtt	banget
bgttt	banget
bgtttt	banget
bgttttttt	banget
bgtttttttt	banget
bgtu	begitu
bgtuu	begitu
bgun	bangun
bgus	bagus
bgussss	bagus
bhagaia	bahagia
bhagia	bahagia
bhas	bahas
bhet	banget
bhgia	bahagia
bhgiain	membahagiakan
bhijab	berhijab
bhkn	bahkan
bhn	bahan
bhnya	bahannya
bhs	bahasa
bhubu	tidur
bhw	bahwa
bhwa	bahwa
biarin	biarkan
biasa2	biasa-biasa
biasaa	biasa
biasaaa	biasa
biasaaaa	biasa
biasahhh	biasa
bijak2	bijak-bijak
bijimane	bagaimana
bijin	bikin
bikinin	bikin
bikinin	bikinkan
bikinin	membikin
bikinnn	bikin
bil	bilang
bilang	mengatakan
bilang"	bilang-bilang
bilang2	bilang-bilang
bilange	bilangnya
bilangg	bilang
bilangin	bilang
bilangny	bilangnya
bilanh	bilang
bilng	bilang
bimbugannya	bimbingannya
bimbuluh	bimbingan dan penyuluhan
binggo	banget
bingiiittttzzzz	banget
bingiiittzz	banget
bingiit	banget
bingiittt	banget
bingit	banget
bingits	banget
bingitss	banget
bingitsss	banget
bingitt	banget
bingittzz	banget
bingitzzzz	banget
binkai	bingkai
bintal	bimbingan mental
bintangqu	bintangku
bird	biru
biri	biru
bisaa	bisa
bisaaa	bisa
bisax	bisanya
bisi	kalau-kalau
biza	bisa
bju	baju
bka	buka
bkal	bakal
bkan	bukan
bkin	bikin
bkin	membuat
bkl	akan
bkl	bakal
bkln	bakalan
bkn	bikin
bkn	bukan
bknnya	bukannya
bl	beli
bl	bulan
blajar	belajar
blakon	berlakon
blan	bulan
blegug	bodoh
bleh	boleh
blg	bilang
blh	boleh
bli	beli
bli2n	beli-belikan
blik	balik
blim	belum
bljr	belajar
blkang	belakang
blkng	belakang
blln	bulan
blm	belum
bln	bulan
blng	bilang
blnja	belanja
bloghhh	goblok
blom	belum
bls	balas
blum	belum
bnchi	benci
bnci	benci
bnda	bunda
bner	benar
bner"	benar-benar
bner2	benar-benar
bneraan	benaran
bneran	benaran
bnern	benaran
bnerr	benar
bng	bang
bngatt	banget
bngeeeetttt	banget
bngeet	banget
bnget	banget
bngett	banget
bngettt	banget
bngetttt	banget
bnggain	banggakan
bngkit	bangkit
bngt	banget
bngtt	banget
bngttt	banget
bngtttt	banget
bngtzt	banget
bngun	bangun
bngung	bingung
bngunlah	bangunlah
bngy	banget
bnk	bang
bnr	benar
bnr2	benar-benar
bnran	benaran
bnran	yang benar
bnrn	benaran
bntar	bentar
bntr	bentar
bntu	bantu
bnus	bonus
bnyak	banyak
bnyk	banyak
bo'ong	bohong
bodhoo	bodoh
bodhooo	bodoh
bodor	lucu
bogut	bogor utara
bohay	badan aduhai
bokap	ayah
bokep	video porno
boker	berak
boker	buang air besar
bokin	pacar
bokis	bohong
bol3h	boleh
bolang	bocah petualang
bole	boleh
boleh2	boleh-boleh
boljug	boleh juga
bolllleeehhhh	boleh
bolot	bodoh
bonek	bocah nekat
bonus2	bonus-bonus
bonusq	bonusku
bonyok	ayah ibu
boong	bohong
boro2	boro-boro
bosaan	bosan
bosen	bosan
bosen2	bosan-bosan
bosenin	membosankan
boss	bos
botakin	botaki
botakkkk	botak
boyeh	boleh
bp	bapak
bpk	bapak
bpkmu	bapakmu
bpknya	bapaknya
br	baru
brada	berada
bradegan	beradegan
brang	barang
brangnya	barangnya
brani	berani
branjak	beranjak
brantem	berantem
brapa	berapa
brarti	berarti
brasa	berasa
brayyy	bray
brb	segera kembali
brbagai	berbagai
brbakti	berbakti
brbuat	berbuat
brdiri	berdiri
brdua	berdua
brengsekk	brengsek
bres	beres
brfikir	berpikir
brg	barang
brg	bareng
brg"	bareng-bareng
brgbung	bergabung
brgny	barangnya
brhasil	berhasil
brhjb	berhijab
brhnti	berhenti
brisi	berisi
brisik	berisik
brita	berita
britanya	beritanya
brjdh	berjodoh
brjodoh	berjodoh
brkah	berkah
brkenan	berkenan
brkunjun	berkunjung
brng	barang
brngkt	berangkat
brngku	barangku
brngny	barangnya
bro	saudara laki-laki
bronis	brondong manis
brp	berapa
brpa	berapa
brpndapat	berpendapat
brrt	berarti
brrti	berarti
brsama	bersama
brsma	bersama
brsyukur	bersyukur
brtngkar	bertengkar
bru	baru
brubah	berubah
brubah2	berubah-ubah
brur	saudara laki-laki
brusaha	berusaha
bs	bisa
bsa	bisa
bsen	bosan
bsk	besok
bsok	besok
bt	bosan sekali
bt	buat
bth	butuh
btuh	butuh
btul	betul
btulan	betulan
btw	ngomong-ngomong
bu	ibu
bu_bu	tidur
buah hatiku	anakku
buanget	banget
buanyaaak	banyak
buat	untuk
buatin	buatkan
buatin	membuat
buaya	tidak setia
bubarin	bubarkan
bubbu	tidur
buber	buka bersama
bubu	tidur
buibu	ibu-ibu
bujngn	bujangan
bujubune	luar biasa
bujukk	bujuk
buk	ibu
buka2	buka-buka
buka2an	buka-bukaan
bukak	buka
bukan'a	bukannya
bukn	bukan
bukq	bukuku
bukti2	bukti-bukti
buktii	bukti
buktiin	buktikan
buktiin	membuktikan
buktinyaaa	buktinya
bulan2	bulan-bulan
bulet	bulat
buln	bulan
bumil	ibu hamil
bun	bunda
bund	bunda
bunda"	bunda-bunda
bunda2	bunda-bunda
bundaa	bunda
bundaaa	bunda
bundaaaa	bunda
bundsay	bunda sayang
bunga2	bunga-bunga
bungggg	bung
bungkusin	bungkuskan
bungkuuussss	bungkus
bungkuuuuuuuuusss	bungkus
burem	buram
buru2	buru-buru
buruann	buruan
buruannn	buruan
busay	bunda sayang
busedh	buset
buseett	buset
buser	buru sergap
buuun	bun
bw	bawa
bwa"	bawa-bawa
bwd	buat
bwhn	bawahan
bwhnya	bawahnya
bwt	buat
byak	banyak
byangin	membayangkan
byar	bayar
byaran	bayaran
byk	banyak
byr	bayar
byrin	bayarkan
bz	bisa
c	sih
c8	chat
caaannnttiikkk	cantik
caaiirr	cair
caantiiik	cantik
cab	cabang
cabal	sabar
cabe2	cabe-cabe
cabe2an	cabe-cabean
cabol	cabul
cabut	pergi
cadas	keren
cadasss	cadas
caem	cakep
cair2	cair-cair
cairin	mencairkan
cakeeeeppp	cakep
cakeep	cakep
cakepp	cakep
cali	caci
calo	makelar
cama-cama	sama-sama
campurin	mencampuri
can	belum
canci	cantik
cangcut	celana dalam
cannnnntikkkkkkk	cantik
cannntikk	cantik
cans	cantik
canteek	cantik
canti	cantik
cantiiiiiiik	cantik
cantiiiik	cantik
cantiiiikk	cantik
cantiiik	cantik
cantiiikk	cantik
cantiiikkk	cantik
cantiiillx	cantik
cantiik	cantik
cantiik2	cantik-cantik
cantiikk	cantik
cantiikkkk	cantik
cantik2	cantik-cantik
cantik2nya	cantik-cantiknya
cantika	cantik
cantikk	cantik
cantikkk	cantik
cantikkkk	cantik
cantikkkkk	cantik
cantikkkkkk	cantik
cantikkkkkkkk	cantik
cantikkkm	cantik
cantiknnnnyaaaaaaa	cantiknya
cantiknyaa	cantiknya
cantiknyaaa	cantiknya
cantiknyaaaaa	cantiknya
cantiks	cantik
cantikx	cantiknya
cantinya	cantiknya
cantip	cantik
cantiq	cantik
cantiqs	cantik
cantix	cantik
cantk	cantik
canttikkk	cantik
canttttikkk	cantik
canyk	cantik
capa	sapa
capcus	pergi
cape	capai
cape	capek
capee	capai
capee	cape
capek	capai
caper	cari perhatian
cara'y	caranya
caranga	caranya
carax	caranya
cari2	cari-cari
cariin	carikan
casout	cashout
catet	catat
catiiiiik	cantik
catokin	catok
caur	jelek
caya	percaya
cb	coba
cba	coba
cbg	cabang
ccok	cocok
cd	celana dalam
ce	cewek
ceemen	cemen
cek2	cek-cek
cekak	tidak ada uang
cekal	cegah tangkal
cekidot	coba lihat
ceklist	ceklis
cem	macam
cemburuu	cemburu
cemen	penakut
cemplungin	cemplungkan
cempreeng	cempreng
cemunguttttt	semangat
cengengesan	tertawa
centillll	centil
centilnyaaaaaa	centilnya
ceper	pendek
cepet	cepat
cepet2	cepat-cepat
cepetan	cepatan
cepetttt	cepat
cerdass	cerdas
cerdiik	cerdik
ceritax	ceritanya
ceu	kakak perempuan
cew	cewek
cewe	cewek
cewer	jewer
chas out	cashout
chelalyyu	selalu
choker2	choker-choker
chuyunk	sayang
ciapa	siapa
cibuk	sibuk
cicilanny	cicilannya
ciee	cie
cieee	cie
cieeee	cie
cieeeee	cie
ciieeeeeee	cie
ciiieee	cie
cimeng	ganja
cin	cinta
cinggirnyaaaa	cinggirnya
cini	sini
cino	cina
cintaaaaaaa	cinta
cintax	cintanya
cipika cipiki	cium pipi kanan cium pipi kiri
ciptain	ciptakan
ciptain	menciptakan
cita"	cita-cita
cita2	cita-cita
cita2nya	cita-citanya
citebon	cirebon
ciumman	ciuman
ciusss	serius
ciuuuummmm	cium
ciye	cie
ciyeeee	cie
ciyeeeeeee	cie
ciyh	sih
ciyusss	serius
ckck	ck
ckepp	cakep
ckp	cakep
ckp	cukup
ckrng	sekarang
ckup	cukup
clbk	cinta lama bersemi kembali
cm	cuma
cma	cuma
cman	cuman
cmiiw	correct me if i'm wrong
cmkn	camkan
cmn	cuman
cmpr	campur
cmpur	campur
cnenk	senang
cntiiikkk	cantik
cntik	cantik
cntikan	cantikan
cntikk	cantik
cntiknya	cantiknya
cntk	cantik
co	cowok
cobaa	coba
cobaaa	coba
cobaaaa	coba
cobain	coba
cobain	cobakan
cobain	mencoba
cobak	coba
coccokk	cocok
cock	cocok
cocokk	cocok
cocokkk	cocok
cocokkkk	cocok
cocokkkkk	cocok
cocokny	cocoknya
cocokx	cocoknya
cocook	cocok
cocookk	cocok
coeggg	coeg
cogan	cowok ganteng
comen	komen
comen	komentar
comen2nya	komen-komennya
comen2nya	komentar-komentarnya
coment	komen
coment	komentar
comment2nya	komentar-komentarnya
comnet	komen
comnet	komentar
comntr	komentar
cong	banci
congor	mulut
conlok	cinta lokasi
cooocok	cocok
cooooooocok	cocok
coret"	coret-coret
cow	cowok
cowo	cowok
cowwyy	maaf
coxok	cocok
coyyy	coy
coz	karena
cp	siapa
cpa	siapa
cpe	capek
cpet	cepat
cpit	sipit
cppa	siapa
cppe	capek
cpt	cepat
cr	cara
cri	cari
critamu	ceritamu
crta	cerita
crx	caranya
cuaaantikk	cantik
cuaantik	cantik
cuantek	cantik
cuanti	cantik
cuantik	cantik
cuantikkk	cantik
cubanget	lucu banget
cuchook	cocok
cuco	cocok
cucok	cocok
cucokkk	cocok
cuek	tidak acuh
cuex	cuek
cukurrr	cukur
cuman	Cuma
cumi	Cuma miscall
cumn	cuman
cums	cuma
cungkring	kurus tinggi
cups	culun
cupu	culun
curas	pencurian dengan kekerasan
curcol	curahan hati colongan
curhat	curahan hati
curhat2	curhat-curhat
cust	customer
cuyy	cuy
cuyyy	cuy
cw	cewek
cwe	cewek
cwek	cewek
cwnya	ceweknya
cwo	cowok
cwok	cowok
cyiiin	cinta
cyin	cinta
cz	karena
d	ada
d	di
d'madrasah	di madrasah
d.apa	diapa
d.bikinin	dibikin
da	ada
da	dah
da	sudah
daaaah	deh
daaah	dah
daah	dah
daah	deh
daftarin	daftarkan
dagh	sudah
dah	deh
dah	sudah
dahh	dah
dahh	deh
dahhhh	dah
dak	indak
dalem2	dalam-dalam
dalil2	dalil-dalil
dallam	dalam
damang	sehat
daoat	dapat
dapatkn	dapatkan
dapet	dapat
dapetin	mendapati
dapetin	mendapatkan
dapetnya	dapatnya
darpada	daripada
dasaar	dasar
dasarrr	dasar
dasyat	dahsyat
datang2	datang-datang
dateng	datang
dateng"	datang-datang
dberi	diberi
dblkang	dibelakang
dblkng	dibelakang
dbnding	dibanding
dbuat	dibuat
dbuka	dibuka
dbwh	dibawah
dcintai	dicintai
dciterup	di citerup
ddlm	di dalam
ddpat	didapat
ddpt	didapat
de	adik
de	deh
de	dek
debay	adek bayi
dech	deh
dede	adek
dedek	adek
dedeknya	adeknya
dee	dek
deeek	dek
deeh	deh
deg2an	deg-degan
dehat	sehat
dehh	deh
dehhh	deh
dehhhh	deh
dek	adik
deket	dekat
deket2	dekat-dekat
deketin	dekati
dekk	dek
dekkk	dek
dekt	dekat
demen	suka
dempga	semoga
dengarin	mendengarkan
dengeeriin	dengarkan
denger	dengar
dengerin	dengarkan
dengerin	mendengarkan
deuhh	duh
dewassa	dewasa
deyh	deh
dftarin	daftarkan
dftr	daftar
dftrkan	daftarkan
dftrn	daftarkan
dg	dengan
dgn	dengan
dgr	dengar
dgrup	di grup
dh	dah
dh	deh
dh	sudah
dhe	deh
dhi	di
dhpusin	dihapuskan
diaa	dia
diaaa	dia
diajarin	diajari
diakibtkn	diakibatkan
diam"	diam-diam
diamkn	diamkan
diancurin	dihancurkan
dianter	diantar
dianterin	diantar
dianterin	diantarkan
diapa2in	diapa-apai
diapain	diapakan
dibangga'in	dibangga-banggakan
dibanggain	dibanggakan
dibiarin	dibiarkan
dibikin2	dibikin-bikin
dibkatakan	dikatakan
dibls	dibalas
dibnggain	dibanggakan
didapet	didapat
didatengin	didatangi
didengerin	didengarkan
dieee	dia
diem	diam
diem2	diam-diam
diemin	diamkan
diemm	diam
difb	di facebook
difotoin	difoto
digabtikan	digantikan
digambarin	digambarkan
diginiin	dibeginikan
diginikan	dibeginikan
digituin	dibegitukan
digosipin	digosipkan
dihargain	dihargai
dihh	dih
dihpus	dihapus
dihub	dihubungi
dii	di
diidam2kan	diidam-diamkan
diihhhh	dih
diindonesis	diindonesia
diingetin	diingatkan
dijabah	diijabah
dijadiin	dijadikan
dijelekin	dijelekkan
dijkt	dijakarta
dijwb	dijawab
dikata2in	dikata-katai
dikatain	dikatai
dikemanain	dikemanakan
dikerasin	dikerasi
dikit2	sedikit-sedikit
diksi	dikasih
dikumpulin	dikumpulkan
diladenin	diladeni
dilepas2	dilepas-lepas
diliat	dilihat
diliatnya	dilihatnya
dilindungin	dilindungi
dilirik2	dilirik-lirik
diluangin	diluangkan
diluarann	diluaran
dimaafin	dimaafkan
dimana"	dimana-mana
dimana2	dimana-mana
dimao	dimau
dimarahin	dimarahi
dimasukin	dimasuki
dimasukin	dimasukkan
dimintak	diminta
dimna	dimana
dimusiumin	dimuseumkan
dinamakn	dinamakan
dingin"	dingin-dingin
dinyanyiin	dinyanyikan
dipake	dipakai
dipermainin	dipermainkan
dipikirin	dipikirkan
dipojokin	dipojokkan
dipuja2	dipuja-puja
diputusin	diputuskan
dirakitin	dirakitkan
dirimuuu	dirimu
dirmh	dirumah
dirumahny	dirumahnya
disiniii	disini
disni	disini
disono	di sana
disupirin	disopiri
ditawarin	ditawarkan
ditayangin	ditayangkan
ditengah2	ditengah-tengah
ditgg	ditunggu
ditlp	ditelepon
ditransper	ditransfer
dituker	ditukar
ditutupin	ditutupi
dituutup	ditutup
diuber	dikejar
diurusin	diurusi
diuzahakan	diusahakan
dkembalikan	dikembalikan
dket	dekat
dket2in	dekat-dekati
dkit	sedikit
dkk	dan kawan-kawan
dkuburnya	dikuburnya
dl	dulu
dlam	dalam
dll	dan lain-lain
dlm	dalam
dlmnya	dalamnya
dlu	dulu
dluar	diluar
dmana	dimana
dmn	dimana
dmna	dimana
dmnt	diminta
dn	dan
dng	dengan
dngan	dengan
dngerin	mendengarkan
dngn	dengan
dnk	dong
do	di
do'a"	doa-doa
do'any	doanya
doa2	doa-doa
doaang	doang
doain	doakan
doang	saja
doangam	doang
doank	doang
doany	doanya
dodol	bodoh
doeloe	dulu
doi	dia
doku	uang
don juan	playboy
dongg	dong
donggg	dong
dongggg	dong
dongkol	kesal
dongs	dong
donk	dong
donkk	dong
donks	dong
donlot	unduh
donx	dong
doong	dong
doonk	dong
dooong	dong
doooonnggg	dong
dosa2mu	dosa-dosamu
dosaa	dosa
dosaaaaaaaaaa	dosa
dosax	dosanya
dp	dapat
dpan	depan
dpat	dapat
dpet	dapat
dpet2	dapat
dpke	dipakai
dpn	depan
dposisi	diposisi
dpotong	dipotong
dpt	dapat
dptin	dapatkan
dptkan	dapatkan
dptnya	dapatnya
dr	dari
dramaa	drama
dri	dari
drii	dari
drimana	darimana
drimnanya	darimananya
dripada	daripada
dripda	daripada
drmana	darimana
drmh	dirumah
drmn	darimana
drop sip	dropship
dropsgip	drophip
drpada	daripada
drpd	daripada
drtd	dari tadi
dsana	disana
dsangka	disangka
dsar	dasar
dsb	dan sebagainya
dsini	disini
dsn	disini
dsna	disana
dsni	disini
dsr	dasar
dsrahkan	diserahkan
dsrny	dasarnya
dsruh	disuruh
dssi	disisi
dst	dan seterusnya
dstu	disitu
dtang	datang
dteng	datang
dtg	datang
dtggu	ditunggu
dtgkan	datangkan
dtinggl	ditinggal
dtng	datang
dtnggu	ditunggu
dtunggu	ditunggu
dua2nya	dua-duanya
duanyaa	duanya
duetin	duet
dugem	dunia gemerlap
duh	aduh
duhh	duh
duhhh	duh
duhhhhh	duh
duit	uang
dulurrr	dulur
duluu	dulu
duluuu	dulu
dumsss	dong
dung	dong
dunk	dong
dureen	duren
duren	durian
durhaka2	durhaka-durhaka
duuhh	duh
duuhhh	duh
duuhhhhh	duh
duuuhh	duh
duuuhhh	duh
dwh	deh
dwsa	dewasa
dy	dia
dya	dia
ea	ya
eaa	ya
eakyu	waktu
ed	edisi
edaaaan	edan
edaaan	edan
edaaann	edan
edan	gila
edannn	edan
editannn	editan
eeeeeeh	eh
eeeeh	eh
eeeehhhh	eh
eeeh	eh
eeehh	eh
eeh	eh
eehh	eh
eehhh	eh
eey	eh
egp	emang gue pikirin
egp	memang gue pikirin
ehh	eh
ehhh	eh
eike	aku
eke	aku
eksprsi	ekspresi
elaaaahhhh	alah
elahh	alah
elo	kamu
elo	lo
elo	lu
elo2	lo-lo
elo2	lu-lu
eloo	lo
eloo	lu
elu	kamu
elu	lu
elus2	elus-elus
ema	emak
emak2	emak-emak
emakx	emaknya
emang	memang
emangnya	memangnya
emank	memang
emba2	mbak-mbak
emeessss	gemas
emeezzz	gemas
emeshh	gemas
emesshhh	gemas
emessss	gemas
emg	memang
emk	emak
emng	memang
emngnya	memangnya
emnknya	memangnya
empek2	mpek-mpek
emte	makan teman
enakkkkk	enak
endak	tidak
engga	enggak
engga	tidak
engga"	enggak-enggak
enggak	tidak
engk	enggak
enk	enak
entahhh	entah
entar	nanti
entr	entar
envy	iri
epe	apa
etc	et cetera
euyyyyy	euy
ex	mantan
exis	eksis
expresi	ekspresi
ext	extension
eyke	aku
fakta2	fakta-fakta
fakultass	fakultas
famer	pamer
fanazz	panas
fans	fan
fans2	fan-fan
fatanik	fanatik
fav	favorit
favoriteeee	favorit
fax	facsimile
fb	facebook
fhoto	foto
fhoto2	foto-foto
fhotonya	fotonya
fi	di
fifo	first in first out
fikiran	pikiran
fillm	film
filmny	filmnya
finek	finansial ekonomi
flim.a	filmnya
flm	film
folbek	follow back
fotbar	foto bareng
foto"	foto-foto
foto2	foto-foto
foto2nya	foto-fotonya
fotoin	memfoto
fotony	fotonya
frestasiii	prestasi
fto	foto
fto2	foto-foto
fwd	diterukan
fyi	sebagai informasi
g	enggak
ga	enggak
ga	tidak
gaa	enggak
gaada	enggak ada
gaada	tidak ada uang
gabakal	enggak bakal
gabisa	enggak bisa
gabisa	tidak bisa
gabung	bergabung
gada	enggak ada
gadiss	gadis
gag	enggak
gag	tidak
gagahx	gagahnya
gahar	sangar
gaharus	enggak harus
gaje	enggak jelas
gaje	tidak jelas
gajelas	enggak jelas
gak	enggak
gak	tidak
gak papa	enggak apa-apa
gak papa	tidak apa-apa
gakk	enggak
gakkk	enggak
gakpapa	enggak apa-apa
gakuat	enggak kuat
gakusah	enggak usah
gakwad	enggak kuat
gamau	enggak mau
gamau	tidak mau
gambarin	gambarkan
gampang	mudah
gan	juragan
gangguin	mengganggu
gans	ganteng
ganteeeeng	ganteng
ganteng2	ganteng-ganteng
gantengg	ganteng
gantenggg	ganteng
gantengkuuuuuu	gantengku
gantengnyaaaa	gantengnya
ganteung	ganteng
gantheng	ganteng
ganti'kn	menggantikan
gantiin	menggantikan
gantng	ganteng
gantweng	ganteng
gapake	enggak pakai
gapap	enggak apa-apa
gapapa	tidak apa-apa
gapernah	enggak pernah
gaprgi	enggak pergi
gaptek	gagap teknologi
gapunya	enggak punya
gara"	gara-gara
gara''	gara-gara
gara2	gara-gara
garemin	garami
garuk2	garuk-garuk
gasalah	enggak salah
gasih	enggak sih
gatau	enggak tahu
gatau	enggak tau
gatau	tidak tahu
gataunya	enggak taunya
gatek	gagap teknologi
gatot	gagal total
gausa	enggak usah
gausah	enggak usah
gawe	kerja
gawean	kerjaan
gawl	gaul
gawul	gaul
gax	enggak
gax	tidak
gayannxa	gayanya
gayany	gayanya
gayax	gayanya
gbs	enggak bisa
gbs	tidak bisa
gbung	gabung
gda	enggak ada
gda	tidak ada uang
gde	gede
gebetan	orang yang disuka
gebleg	geblek
gedeg	gedek
geeelaakk	gila
geer	gede rasa
geetoo	begitu
gegaranya	karena
gegra	gegara
geh	gih
gehh	gih
geje	enggak jelas
geje	tidak jelas
gelo	gila
gemay	gemas
gemeeezzzz	gemas
gemeessss	gemas
gemes	gemas
gemesiin	menggemaskan
gemesin	menggemaskan
gemesinnnnn	menggemaskan
gemesnya	gemasnya
gemess	gemas
gemesshh	gemas
gemesshzzzzhzzhzhzhsjssjs	gemas
gemesss	gemas
gemesyak	gemas ya
gemez	gemas
gemezz	gemas
gemezzzz	gemas
gemmeeezzz	gemas
genduut	gendut
geneeee	begini
genggg	geng
genittt	genit
gepeng	gelandangan dan pengemis
geuliiiiiiis	geulis
gewlaaaaa	gila
gg	enggak
gga	enggak
ghiey	lagi
ghiy	lagi
gi	lagi
giitu	begitu
gilaa	gila
gilaaa	gila
gilaaaa	gila
gilaaaaaa	gila
gilak	gila
gilakkk	gila
gilakkkkk	gila
gilakkkkkk	gila
gile	gila
gils	gila
gilsss	gila
gilzz	gila
giman	gigi mancung
gimana	bagaimana
gimanaa	bagaimana
gimanaaaa	bagaimana
gimn	bagaimana
gimna	bagaimana
gingsungny	gingsulnya
gini	begini
ginian	beginian
ginii	begini
giniii	begini
giniin	beginikan
gino	gigi nongol
ginting	ganteng
gitchu	gitu
githu	gitu
giti	begitu
gitu	begitu
gitu2	begitu-gitu
gituan	begituan
gituh	begitu
gituin	begitukan
gitulah	begitulah
gituu	begitu
gituuu	begitu
gituuuuu	begitu
gj	enggak jelas
gj	tidak jelas
gk	enggak
gk	tidak
gkhianati	mengkhianati
gkk	enggak
gkkan	enggak akan
gksalah	enggak salah
gksi	enggak sih
glembeeeer	gelambir
gmana	bagaimana
gmanapun	bagaimanapun
gmau	enggak mau
gmn	bagaimana
gmna	bagaimana
gmpg	gampang
gn	begini
gndakan	gandakan
gni	begini
gnii	begini
gnt	ganti
gnti	ganti
gnyngka	enggak menyangka
goblog	goblok
goblok	bodoh
goblokkk	goblok
gokiiill	gila
gokil	gila
gokill	gila
gokilll	gila
gokillllll	gila
gokilnya	gilanya
golput	golongan putih
gombal	suka merayu
goncengin	boncengkan
gosipin	menggosipkan
gossip2.an	gosip-gosipan
gowes	mengayuh sepeda
gpl	enggak pakai lama
gpl	tidak pakai lama
gpny	enggak punya
gpny	tidak punya
gpp	enggak apa-apa
gpp	tidak apa-apa
gr	gede rasa
gr2	gara-gara
gra2	gara-gara
graaatiiiis	gratis
gratiss	gratis
gratisss	gratis
greged	greget
gretong	gratis
gretongan	gratisan
grgr	gara-gara
grunya	gurunya
gt	begitu
gtau	enggak tau
gtau	tidak tahu
gthu	begitu
gtu	begitu
gtu"	begitu-gitu
gtu"an	begitu-gituan
gtu2	begitu-gitu
gtuan"	begitu-gituan
gtuh	begitu
gtuu	begitu
gtw	enggak tau
gtw	tidak tahu
gua	saya
guaa	gua
guaaaaaaa	gua
guanteng	ganteng
gue	saya
guee	gue
gueee	gue
gueeeee	gue
gunaa	guna
guoblok	goblok
guw	gue
guys	teman-teman
gw	gue
gw	saya
gws	cepat sembuh
gx	enggak
gya	gaya
ha	tertawa
hadapin	menghadapi
haddeh	aduh
hadeeehhh	aduh
hadeehh	aduh
hadeeuh	aduh
hadeuh	aduh
hadeuhhh	aduh
hadeuuh	aduh
hadeuuhhhh	aduh
hadirr	hadir
hadirrr	hadir
haduh	aduh
haduuuh	aduh
haghaghag	tertawa
haha	tertawa
haii	hai
haiii	hai
haiiiii	hai
haiiiiiiii	hai
hakhak	tertawa
hal2	hal-hal
halahh	alah
halangin	halangi
halllo	halo
hallo	halo
hallooo	halo
hallow	halo
halooo	halo
halow	halo
hampasss	hempas
hancurin	menghancurkan
hancuuuuuy	hancur
handak	bahan peledak
hankam	pertahanan dan keamanan
hansip	pertahanan sipil
happi"	hepi-hepi
hapusin	hapuskan
haragain	menghargai
harapan2	harapan-harapan
hargs	harga
hari2	hari-hari
harpkan	harapkan
haru	hari
haru	harus
harus'e	harusnya
haruss	harus
hasilnyaaa	hasilnya
haslnya	hasilnya
hat	hati
hati"	hati-hati
hati.a	hatinya
hati2	hati-hati
hatii	hati
hatiiii	hati
haxa	hanya
hay	hai
hayal	khayal
hayalanku	khayalanku
hayoo	ayo
hayooo	hayo
hayukk	hayo
hayuu	ayo
hayuu	hayo
hayuukk	ayo
hbis	habis
hbis	setelah
hbs	habis
hbungi	hubungi
hdk	hendak
hdp	hidup
hdpn	hadapan
hdpnya	hidupnya
hdup	hidup
hebaat	hebat
hebatt	hebat
hebbohh	heboh
hedeuuhh	aduh
heeee	hai
hehe	he
hehh	eh
heii	hai
helloo	halo
hellooooooo	halo
hellow	halo
helo	halo
helooooo	halo
helow	halo
hematt	hemat
hempaass	hempas
hey	hai
hgga	hingga
hi	hai
hianatin	khianati
hidiyah	hidayah
hiduppp	hidup
hidupppp	hidup
hidupx	hidupnya
hiduupppp	hidup
hiii	hai
hijaabbb	hijab
hijabb	hijab
hijap	hijab
hilangin	menghilangkan
hilangv	hilang
himana	bagaimana
hiraukn	hiraukan
hiri	hari
hitzzz	hits
hlm	halaman
hlng	hilang
hmpir	hampir
hndak	hendak
hndk	hendak
hngga	hingga
hny	hanya
hnya	hanya
hoax	isu bohong
hokiii	hoki
horassss	horas
horee	hore
horeee	hore
horeeee	hore
hotak	botak
hotx	hotnya
houm	rumah
hpus	hapus
hr	hari
hrapan	harapan
hrga	harga
hri	hari
hrpan	harapan
hrs	harus
hrsny	harusny
hrsnya	harusnya
hrus	harus
hrusnya	harusnya
hslnya	hasilnya
ht	hati
hub	hubungan
hub	hubungi
hub	menghubungi
hubad	hubungan angkatan darat
hubdar	perhubungan darat
hubla	perhubungan laut
hubngan	hubungan
hubunggi	hubungi
huff	mengeluh
huft	mengeluh
hujatann	hujatan
hum	rumah
humas	hubungan masyarakat
humz	rumah
hy	hai
iaa	iya
iaa	ya
ibliss	iblis
ibu"	ibu-ibu
ibu2	ibu-ibu
ibuk	ibu
ibuk2	ibu-ibu
ibukq	ibuku
ibuq	ibuku
idamann	idaman
idk	saya tidak tahu
idolaa	idola
idoolaaa	idola
idung	hidung
idungnya	hidungnya
idup	hidup
idupnya	hidupnya
igtlah	ingatlah
ihh	ih
ihhh	ih
ihhhh	ih
ihhhhh	ih
iibuuu	ibu
iih	ih
iihh	ih
iiih	ih
iiihh	ih
iiihhhh	ih
iiihhhhh	ih
iiii	ih
iiiihhhhhj	ih
iiiiiiiii	ih
iiiiiiiiii	ih
ijap	ijab
ikh	ih
ikut2	ikut-ikut
ikut2an	ikut-ikutan
ikutin	ikuti
ikutin	mengikuti
ilang	hilang
ilang"	hilang-hilang
ilang-in	hilangkan
ilang2	hilang-hilang
ilang2an	hilang-hilangan
ilfeel	tidak suka
ilfil	tidak suka
ilmh	ilmu
imba	jago sekali
imdahnya	indahanya
imho	in my humble opinion
imoet	imut
imoetz	imut
impiaaan	impian
impianqu	impianku
imut2	imut-imut
imutt	imut
imutttttt	imut
imuttzz	imut
imuutt	imut
imuuttt	imut
in	ini
inbok	inbox
inchi	inch
indahhh	indah
indefendet	independen
indo	indonesia
indoneaia	indonesia
indonesiaaa	indonesia
indonesiaah	indonesia
info	informasi
infoin	infokan
infox	infonya
infpyunnnn	ampun
ingeet	ingat
inget	ingat
ingetin	ingatkan
ingetin	mengingatkan
inggat	ingat
inggrisny	inggrisnya
inghinn	ingin
ingi	ingin
inginkn	inginkan
ingt	ingat
inia	ini
iniehh	ini
inih	ini
inihhh	ini
inii	ini
iniii	ini
iniiiii	ini
iniiiiiiiiiiiiiii	ini
iniw	ini
inni	ini
insonniaaa	insomnia
iooo	lo
iooo	lu
iriiiii	iri
iseng"	iseng-iseng
iseng2	iseng-iseng
istimewaaa	istimewa
istiqamah	istikamah
istiqomah	istikamah
istiqomahhh	istikamah
it	itu
item	hitam
ithu	itu
ituh	itu
itumahh	itumah
itung	hitung
itungan	hitungan
itutop	itu top
ituu	itu
ituuu	itu
ituuuu	itu
ityl	itil
iu	itu
iy	iya
iyaa	iya
iyaaa	iya
iyaaaa	iya
iyaap	iya
iyaappps	iya
iyah	iya
iyak	iya
iyap	iya
iye	iya
iyes	iya
iyh	iya
iyha	iya
iyo	iya
iyuh	ih
iyuuhhh	ih
iyuuuhhhh	ih
j	saja
ja	saja
jaaangan	jangan
jaadii	jadi
jablay	jarang dibelai
jadii	jadi
jadiin	jadikan
jadilh	jadilah
jadu	jadi
jadul	jaman dulu
jadulnya	jaman dulunya
jagain	jaga
jagain	jagakan
jagain	menjaga
jahatin	menjahati
jaim	jaga image
jakety	jaketnya
jalan"nya	jalan-jalannya
jalan2	jalan-jalan
jalan2x	jalan-jalan
jalanani	jalankan
jalanani	menjalani
jalanin	jalankan
jalanin	menjalani
jalannya"	jalan-jalannya
jalan²	jalan-jalan
jamam	jaman
jaman2	jaman-jaman
jaman2nya	jaman-jamannya
jan	jangan
jancuk	anjing
jangan"	jangan-jangan
jangan2	jangan-jangan
janjutin	lanjutkan
janka	jangka
jaoooh	jauh
jari2	jari-jari
jateng	jawa tengah
jatoh	jatuh
jatuhnyaa	jatuhnya
jauhh	jauh
jauhhh	jauh
jauhin	jauhi
jauuhhh	jauh
jawabanny	jawabannya
jawabx	jawabannya
jayus	tidak lucu
jd	jadi
jd'y	jadinya
jdi	jadi
jdii	jadi
jdikan	jadikan
jdulnya	judulnya
jdwal	jadwal
jdwl	jadwal
jelajahin	jelajahi
jelas"	jelas-jelas
jelas2	jelas-jelas
jelase	jelas
jelashh	jelas
jelasin	jelaskan
jelasssss	jelas
jelek"in	menjelek-jelekkan
jelek2	jelek-jelek
jelekin	menjelekkan
jelekin"	menjelek-jelekkan
jelex	jelek
jels	jelas
jem	jam
jendes	janda
jendess	janda
jendesss	janda
jendral	jenderal
jeniuss	jenius
jerewi	jerawat
jg	juga
jga	juga
jgan	jangan
jgk	juga
jgn	jangan
jgn2	jangan-jangan
jgnkan	jangankan
jh	saja
jidad	jidat
jijay	jijik
jilbabny	jilbabnya
jilbabnyaah	jilbabnya
jilbabnye	jilbabnya
jilbb	jilbab
jing	anjing
jir	anjing
jirr	anjir
jirrrr	anjir
jjur	jujur
jk	jika
jkrta	jakarta
jkt	jakarta
jl	jalan
jlbb	jilbab
jlek	jelek
jln	jalan
jln2	jalan-jalan
jlnnya	jalanya
jls2	jelas-jelas
jmnya	jamnya
jmpaaaa	jumpa
jnagn	jangan
jnda	janda
jng	jangan
jngan	jangan
jngn	jangan
jngnn	jangan
jnj	janji
jodohny	jodohnya
jodohx	jodohnya
jogetin	berjoget
jomblo	tidak punya pacar
jombsss	jomblo
jorokkkk	jorok
jorookknya	joroknya
jrang	jarang
jrg	jarang
jrnk	jarang
jt	juta
jth	jatuh
jti juta
jualanq	jualanku
jubir	juru bicara
judulnyaa	judulnya
jug	juga
jugaa	juga
jugaaa	juga
jugaakk	juga
jugak	juga
jungkiir	jungkir
jurdil	jujur adil
justeru	justru
jutek	galak
jwab	jawab
jwb	jawab
jwban	jawaban
jwbannya	jawabannya
jwbn	jawaban
jwbnya	jawabnya
jwn	jawabannya
k	kak
k	kakak
k	ke
k'	kak
k'	kakak
ka	kak
ka	kakak
ka.2	ka
ka2	ka-ka
ka2k	kakak
kaa	kak
kaa	kakak
kaaa	kak
kaaa	kakak
kaaaa	kak
kaaaa	kakak
kaaaaa	kak
kaaaaa	kakak
kaaaaaaaaaakkkkkkkkkkk	kak
kaaaaaaaaaakkkkkkkkkkk	kakak
kaaaaaann	kan
kaaakk	kak
kaaakk	kakak
kaaan	kan
kaak	kak
kaak	kakak
kaakaaaa	kakak
kaakk	kak
kaakk	kakak
kaan	kan
kaannnn	kan
kaasian	kasihan
kab	kabupaten
kabag	kepala bagian
kabinq	kabinku
kabor	kabur
kacauuuu	kacau
kacian	kasihan
kaciiaann	kasihan
kacrut	kacau
kadang2	kadang-kadang
kadit	kepala direktorat
kadiv	kepala divisi
kafeh	kafe
kaga	kagak
kaga	tidak
kagak	tidak
kageeet	kaget
kageet	kaget
kaitannha	kaitannya
kaj	kak
kaj	kakak
kaka	kakak
kakak2	kakak-kakak
kakakaaaaaaaaaaaaaa	kakak
kakakgh	kakak
kakakkk	kakak
kakakny	kakaknya
kakakuuu	kakakku
kakanga	kakaknya
kakanya	kakaknya
kakau	kalau
kakk	kak
kakk	kakak
kakkk	kak
kakkk	kakak
kakkkk	kak
kakkkk	kakak
kakkkkk	kak
kakkkkk	kakak
kalahnye	kalahnya
kale	kali
kaleee	kali
kaliaan	kalian
kaliann	kalian
kaliannn	kalian
kaliannnnnm	kalian
kaliannnnnn	kalian
kaliannnnnnn	kalian
kalii	kali
kaliii	kali
kaliiii	kali
kaliiiiiii	kali
kaliiin	kalian
kalik	kali
kalli	kali
kallo	kalau
kallo	kalo
kalo	kalau
kalogak	kalau enggak
kalogak	kalo enggak
kalok	kalau
kalok	kalo
kaloo	kalau
kaloo	kalo
kalu	kalau
kalw	kalau
kam	kamu
kamiiii	kami
kamo	kamu
kampret	sialan
kampungn	kampungan
kamtib	keamanan dan ketertiban
kamtibmas	keamanan dan ketertiban masyarakat
kamu2	kamu-kamu
kamuh	kamu
kamunyaa	kamunya
kamuu	kamu
kamuuuu	kamu
kamuwh	kamu
kamyu	kamu
kamyuhhh	kamu
kana	kanan
kanapa	kenapa
kancang	kencang
kangeeeeeeeeeeennnnn	kangen
kangeeeeeeeeennnnnnnn	kangen
kangeeeeeeeenya	kangen
kangeeeeennn	kangen
kangeeeennn	kangen
kangeeeennnnn	kangen
kangeeerrn	kangen
kangeen	kangen
kangeenn	kangen
kangem	kangen
kangenn	kangen
kangennn	kangen
kangennnn	kangen
kangennnnn	kangen
kangennnnnmnnnnnnnnnnnnnnnnn	kangen
kangennnnnn	kangen
kangennnnnnn	kangen
kangennnnnnnnnnnnnnnn	kangen
kanggen	kangen
kanggggg	kang
kann	kan
kannn	kan
kanwil	kantor wilayah
kapaan	kapan
kapan"	kapan-kapan
kapan2	kapan-kapan
kapn	kapan
kapt	kapten
kareno	karena
karir.a	karirnya
karmaaa	karma
karna	karena
kartunin	kartun
karya"	karya-karya
karya2	karya-karya
kasar2	kasar-kasar
kasat	kepala satuan
kasi	kasih
kasiaannn	kasihan
kasian	kasihan
kasiannn	kasihan
kasiatnya	khasiatnya
kasihn	kasihan
kasiian	kasihan
kasubbag	kepala subbagian
kasubbid	kepala subbidang
kata"	kata-kata
kata2	kata-kata
kata2nya	kata-katanya
kata2nyaaa	kata-katanya
katanyaa	katanya
katax	katanya
kate	kata
katrok	kampungan
kau	kamu
kauuuu	kau
kawan2	kawan-kawan
kawinin	mengawini
kaya	kayak
kaya'a	kayanya
kayaa	kaya
kayahhh	kaya
kayakk	kayak
kayanya	kayaknya
kayanye	kayanya
kayaq	kayak
kayax	kayak
kbahagiaan	kebahagiaan
kbar	kabar
kbawa	terbawa
kberkahn	keberkahan
kbetulan	kebetulan
kbiasaan	kebiasaan
kbr	kabar
kbtln	kebetulan
kbun	kebun
kcantikan	kecantikan
kcewa	kecewa
kcian	kasihan
kcil	kecil
kcokan	kocokan
kcwa	kecewa
kdang	kadang
kdg	kadang
kdg2	kadang-kadang
kdng	kadang
kdu	harus
kdua	kedua
ke3	ke tiga
keak	kayak
keb	kebayoran
kebagi	terbagi
kebaikan"y	kebaikannya
kebaikany"	kebaikannya
kebalas	terbalas
kebangetak	kebangetan
kebanggan	kebanggaan
kebarat2an	kebarat-baratan
kebawa	terbawa
kebayang	terbayang
kebayanyaa	kebayanya
kebeli	membeli
keberhasilanq	keberhasilanku
keberpa	keberapa
kebnyak'an	kebanyakan
kebongkar	terbongkar
kebukaaa	terbuka
kebukti	terbukti
keburu	terlanjur
kebykan	kebanyakan
kec	kecamatan
kecab	kepala cabang
kecantikanga	kecantikannya
kece	cantik
kece"	cantik-cantik
kece2	kece-kece
keceee	kece
keceh	cantik
keche	kece
keciil	kecil
keciill	kecil
kecik	kecil
kecil"	kecil-kecil
kecptan	kecepatan
kecr	kece
kedengeran	kedengaran
kedengeran	terdengar
kedepanx	kedepannya
kedokk	kedok
kedpan	kedepan
keduaa	kedua
kedubes	kedutaan besar
keedaannya	keadaannya
keee	ke
keeeeeren	keren
keeeerrrreeeennnnnnnnn	keren
keinget	teringat
keinginanq	keinginanku
keingunanku	keinginanku
kejadianny	kejadiannya
kejahatn	kejahatan
kejar"	kejar-kejar
kejawab	terjawab
kejurnas	kejuaraan nasional
kejuu	keju
kek	kayak
kek	seperti
kekeuh	keras kepala
kekgini	kayak begini
kekk	kayak
keknya	kayaknya
kekuranganny	kekurangannya
kel	keluarga
kel	kelurahan
kelahuran	kelahiran
kelaluan	kelakuan
kelar	selesai
kelar2	selesai-selesai
kelas'a	kelasnya
keles	kali
keliatan	kelihatan
keliatannya	kelihatannya
kellen	kalian
keluar2	keluar-keluar
keluargaq	keluargaku
keluarin	keluarkan
keluarin	mengeluarkan
kelus	kali
kemakan	termakan
kemana2	kemana-mana
kemaren	kemarin
kemarenn	kemarin
kemariin	kemarin
kemarin2	kemarin-kemarin
kemarn	kemarin
kembaq	kembar
kemn	kemana
kemuh	kamu
kenaliiin	kenalkan
kenalin	kenalkan
kenalin	memperkenalkan
kenalin	mengenalkan
kenapaa	kenapa
kenape	kenapa
kenceng	kencang
kencng	kencang
kencqng	kencang
keneh	masih
kenyataan2	kenyataan-kenyataan
kepad	kepada
kepd	kepada
kepda	kepada
kepeleset	kepleset
kepelesett	terpeleset
kepending	tertunda
kepengen	mau
kepikir	terpikir
kepikiran	terpikirkan
kepingin	mau
kepingin	pengin
kepo	mau tahu urusan orang
kepoh	kepo
kepoin	kepo
kepoin	kepoi
kepoin	mengepoi
kepppoin	kepoi
kepsek	kepala sekolah
keputihn	keputihan
keq	kayak
keq	kek
kerasin	kerasi
kerass	keras
kere	tidak punya uang
kereeeeen	keren
kereeeeennn	keren
kereeeeennnn	keren
kereeeen	keren
kereeen	keren
kereeennnn	keren
kereen	keren
kereenn	keren
kereennn	keren
keren"	keren-keren
keren2	keren-keren
kerenn	keren
kerennn	keren
kerennnn	keren
kerennnnn	keren
kerjaan	pekerjaan
kerreeen	keren
kerrennn	keren
kerrrrennnn	keren
kesalahanny	kesalahannya
kesampean	kesampaian
kesbang	kesatuan bangsa
kesekolah	ke sekolah
keseruaann	keseruan
kesian	kasihan
kesinii	kesini
kesiniii	kesini
kesra	kesejahteraan rakyat
ketaatanny	ketaatannya
ketara	tertara
ketarik	tertarik
ketauan	ketahuan
ketawaa	ketawa
ketawain	mentertawakan
ketawakkkk	ketawa
ketemuuu	ketemu
ketipu	tertipu
ketmu	bertemu
ketrima	diterima
ketuker	tertukar
keukeuh	keras kepala
kgak	kagak
kgeeeen	kangen
kgiatan	kegiatan
kgn	kangen
kh	kah
kha	kah
khadiran	kehadiran
khadirannya	kehadirannya
khan	kan
kharismanya	karismanya
khatamin	khatamkan
khdpn	kehidupan
khidupan	kehidupan
khusus'y	khususnya
kibul	bohong
kibus	kaki busuk
kimpoi	kawin
kira"	kira-kira
kira2	kira-kira
kirain	mengira
kiriii	kiri
kirimin	mengirimi
kitaa	kita
kitaaa	kita
kite	kita
kiya	kita
kk	kakak
kka	kakak
kkak	kakak
kkecewaan	kekecewaan
kki	kaki
kklau	kalau
kkntor	ke kantor
kl	kalau
kl	kalo
klahiran	kelahiran
klakuan	kelakuan
klas	kelas
klau	kalau
klauu	kalau
klen	kalian
klepek2	klepek-klepek
klg	keluarga
klhran	kelahiran
kli	kali
klian	kalian
klianz	kalian
kliatan	kelihatan
kliatanya	kelihatannya
klihatan	kelihatan
klk	kelak
klkuan	kelakuan
kll	kalau
kll	kalo
klmbutan	kelembutan
klmpk	kelompok
klmpok	kelompok
kln	kalian
klo	kalau
klo	kalo
klok	kalau
klok	kalo
klompok	kelompok
kloop	klop
kloter	kelompok terbang
klow	kalau
klr	selesai
klrga	keluarga
kls	kelas
klu	kalau
kluar	keluar
kluarga	keluarga
kluargaq	keluargaku
klw	kalau
klwrga	keluarga
km	kami
km	kamu
kmana	kemana
kmana2	kemana-mana
kmar	kamar
kmaren	kemarin
kmaren"	kemarin-kemarin
kmari	kemari
kmariiin	kemarin
kmarin	kemarin
kmauan	kemauan
kmbali	kembali
kmbang	kembang
kmbl	kembali
kmewahan	kemewahan
kmi	kami
kmn	kemana
kmnn	kemana
kmps	kampus
kmpus	kampus
kmren	kemarin
kmrin	kemarin
kmrn	kemarin
kmu	kamu
kmudahan	kemudahan
kn	kan
knal	kenal
knan	kanan
knapa	kenapa
kndung	kandung
kngen	kangen
kngenn	kangen
kngn	kangen
knl	kenal
knlan	kenalan
knp	kenapa
knpa	kenapa
knpp	kenapa
knsul	konsultasi
kntor	kantor
knyataan	kenyataan
ko	kok
kobul	kabul
kocaaaak	kocak
kocaaaakkk	kocak
kocaan	kocokan
kocakkk	kocak
kocakkkkkk	kocak
kocakkkkkkkkkkkkkk	kocak
koclak	kocak
kocoka	kocokan
kocokn	kocokan
kodya	kota madya
kog	kok
kokkk	kok
kokohh	engkoh
komdis	komisi disiplin
komen	komentar
komen2	komen-komen
komen2an	komen-komenan
komenan	komentar
komenannya	komentarnya
komennya	komentarnya
koment	komentar
komentar2	komentar-komentar
komentarin	komentari
komentarin	mengomentari
komentnya	komentarnya
komenx	komennya
komit	komitmen
komntr	komentar
kompi	komputer
kompirmasi	konfirmasi
komplaen	komplain
komplen	komplain
komplenan	komplain
komplin	komplain
komsov	komunis sovyet
komtiong	komunis Tiongkok
komuk	muka
komunitas2	komunitas-komunitas
kongkow	kumpul bareng teman-teman
konjen	konsulat jenderal
konsekwensi	konsekuensi
konsul	konsultasi
kontak2	kontak-kontak
konten2	konten-konten
kopdar	kopi darat
kopdarbanjarnegara	kopi darat banjarnegara
koplak	kocak
koplakkk	koplak
koq	kok
korek2	korek-korek
korup	korupsi
korwilnya	koordinator wilayahnya
kostom	kostum
kota2	kota-kota
kox	kok
kozong	kosong
kp	kampung
kpada	kepada
kpan	kapan
kpancing	terpancing
kpd	kepada
kpleset	kepleset
kpn	kapan
kpn2	kapan-kapan
kpnjangan	kepanjangan
kpnpun	kapanpun
kpotong	kepotong
kptsan	keputusan
kpuasan	kepuasan
kq	kok
kqmu	kamu
kr	kira
kr	kramat
kra	kira
kraya	karya
kreative	kreatif
kreean	keren
kreeenn	keren
kreen	keren
kren	keren
krena	karena
krenn	keren
krenz	keren
kri	kiri
krik	garing
krim	kirim
kriput	keriput
krjaan	pekerjaan
krm	kemarin
krm	kirim
krmh	ke rumah
krn	karena
krna	karena
krnakan	karenakan
krng	kurang
krpoooo	kepo
krudung	kerudung
krudungan	kerudungan
krus	kurus
krya	karya
krywn	karyawan
ksenangan	kesenangan
ksh	kasih
ksih	kasih
ksini	kesini
ksitu	kesitu
kslahan	kesalahan
kslhn	kesalahan
ksni	kesini
ksukaanmuuu	kesukaanmu
ksyngn	kesayangan
kt	kita
kt2	kata-kata
kta	kata
kta	kita
ktaa	kita
ktaatan	ketaatan
ktanya	katanya
ktauan	ketahuan
ktawa	ketawa
ktemu	ketemu
ktergantungan	ketergantungan
kterlmbatan	keterlambatan
ktg	kita
ktika	ketika
ktmu	ketemu
ktmy	katanya
ktny	katanya
ktnya	katanya
ktp	kartu tanda penduduk
ktr	kantor
ktwa	ketawa
ktx	katanya
kuaaatt	kuat
kuatttt	kuat
kubarikan	kuberikan
kucing'y	kucingnya
kudu	harus
kueren2	keren-keren
kulir	kurir
kuliyh	kuliah
kuninggg	kuning
kuningggg	kuning
kunjungin	kunjungi
kuper	kurang pergaulan
kuq	kok
kura2	kura-kura
kurangin	kurangi
kurbih	kurang lebih
kureeeen	keren
kurg	kurang
kurier	kurir
kurng	kurang
kusem	kusam
kususnya	khususnya
kutuu	kutu
kuu	ku
kuy	yuk
kuyy	yuk
kuyyy	yuk
kw	imitasi
kw	kau
kwatir	kawatir
kx	kak
kx	kakak
ky	kaya
ky	kayak
ky	seperti
kya	kaya
kya	kayak
kyak	kayak
kyaknya	kayaknya
kyanya	kayanya
kyax	kayak
kyk	kayak
kyk	seperti
kyk.a	kayaknya
kykny	kayanya
kyknya	kayaknya
kyky kayaknya
kyy	kaya
la	lah
laa	lah
laaaah	lah
lach	lah
ladenin	meladeni
laen	lain
laenny	lainnya
lafazd	lafaz
lagihh	lagi
lagii	lagi
lagiii	lagi
lagiiii	lagi
laginy	laginya
lagu'y	lagunya
lagu2	lagu-lagu
lagu2nya	lagu-lagunya
lahh	lah
lahhh	lah
lahhhhhh	lah
lahirr	lahir
lainnn	lain
lainnyaa	lainnya
lainy	lainnya
lairannya	kelahirannya
laka	kecelakaan
laki"	laki-laki
laki2	laki-laki
lakik	laki
laku"	laku-laku
lakuin	lakukan
lakuin	melakukan
lam	lama
lam	salam
lama2	lama-lama
lambreta	lambat
lamp	lampiran
lanancar	lancar
lancaaaaarrr	lancar
lancr	lancar
langgengggg	langgeng
langgenh	langgeng
langsungbrakit	langsung rakit
lanjutin	lanjutkan
lanjutkaaaaan	lanjutkan
lansia	lanjut usia
lanud	landasan udara
lanud	landasan udara regitrasi
lapakk	lapak
lapas	lembaga pemasyarakatan
latgab	latihan gabungan
latian	latihan
lau	kau
lawaaaas	lawas
lbh	lebih
lbih	lebih
lbihh	lebih
lbran	lebaran
lbur	libur
lcu	lucu
le	boleh
lebar2	lebar-lebar
lebay	berlebihan
lebayy	lebay
lebh	lebih
ledekin	ledeki
ledkin	meledeki
leh	boleh
lekong	laki
lekong	laki-laki
lelet	lambat
lemot	lambat berfikir
lemot	lemah otak
lengkapp	lengkap
lengkeeett	lengket
lenje	lenjeh
lepasin	melepas
lg	lagi
lggeng	langgeng
lggi	lagi
lgi	lagi
lgkah2	langkah-langkah
lgkp	lengkap
lgs	langsung
lgsg	langsung
lgsung	langsung
lgu	lagu
lgunya	lagunya
lh	boleh
lh	lah
lha	lah
lhaaa	lah
lhat	lihat
lhir	lahir
lhirr	lahir
lho	loh
lhoo	loh
lhooo	loh
lht	lihat
lht"	lihat-lihar
liaat	lihat
liaatt	lihat
liad	lihat
liat	lihat
liat'y	lihatnya
liat2	lihat-lihat
liatiii	lihat
liatin	memperlihatkan
liatin	perlihatkan
liatlah	lihatlah
liatnya	lihatnya
liatnyaaa	lihatnya
liatt	lihat
liattt	lihat
lihaat	lihat
lihaatttt	lihat
liht	lihat
lingin	pengin
linmas	perlindungan masyarakat
lipetan	lipatan
liptsk	lipstik
litbang	penelitian dan pengembangan
liyat	lihat
liyatnya	lihatnya
lkuin	lakukan
llki	lelaki
lluu	lu
lluuccuu	lucu
lma	lama
lmari	lemari
lmyan	lumayan
lmyn	lumayan
lncar	lancar
lncr	lancar
lngkp	lengkap
lngsing	langsing
lngsng	langasung
lngsung	langsung
lo	kamu
loch	loh
loe	kamu
loe	lo
lohh	lo
lohh	loh
lohhh	loh
lohhhh	loh
loksyut	lokasi syuting
lol	tertawa
lola	lambat berfikir
lom	belum
loncatt	loncat
loncattt	loncat
loo	lo
loo	loh
looh	loh
loohhh	loh
looo	loh
loooh	loh
looohh	loh
loundry	laundry
louph	cinta
loupz	cinta
low	kalau
lowh	kamu
lp	lupa
lsg	langsung
lt	lantai
lu	kamu
luaarrr	luar
luber	langsung, umum, bebas, dan rahasia
luccu	lucu
luchu	lucu
luchuw	lucu
luco	lucu
lucu2	lucu-lucu
lucuk	lucu
lucukkkkk	lucu
lucunaaa	lucunya
lucunyah	lucunya
lucuu	lucu
lucuukk	lucu
lucuuu	lucu
lucuuuk	lucu
lucuuuu	lucu
lucuuuuu	lucu
lucuuuuuuuu	lucu
lucuuuuuuuuuu	lucu
lucux	lucunya
luff	cinta
luh	lu
luhhh	lu
lum	belum
lupain	melupakan
luph	cinta
lurusin	meluruskan
luthu	lucu
luthuna	lucunya
lutu	lucu
lutuna	lucunya
lutunaa	lucunya
lutunaaa	lucunya
luu	lu
luucuuu	lucu
luuuaaaar	luar
luuuaar	luar
luuuucuuu	lucu
lw	kalau
lw	kamu
lw	lu
lwat	lewat
lwn	lawan
lwt	lewat
lyt	lihat
m	dan
m	sama
ma	sama
ma kasih	terima kasih
maaasss	mas
maacih	terima kasih
maaciw	terima kasih
maafin	memaafi
maak	mak
maap	maaf
maapin	maaf
maapin	maafi
maapin	maafkan
maau	mau
maauuu	mau
mabal	bolos
mabes	markas besar
macam2	macam-macam
macem	macam
macem-macem	macam-macam
macem2	macam-macam
macih	masih
madesu	masa depan suram
maem	makan
maen	main
maenya	mainnya
maf	maaf
magabut	makan gaji buta
magrib"	magrib-magrib
mahall	mahal
mahatma	maju sehat bersama
mahh	mah
mahhhh	mah
maho	homo
maho	manusia homo
mai	mau
main2	main-main
majalh	majalah
majuuu	maju
mak	ibu
mak jang	kaget
makany	makanya
makanyaa	makanya
makasi	terima kasih
makasih	terima kasih
make	memakai
maki"	maki-maki
makin	semakin
makinnn	makin
makkk	mak
makny	maknya
maksain	maksakan
maksain	memaksa
maksain	memaksakan
maksd	maksud
maksh	terima kasih
maksi	terima kasih
maksih	terima kasih
maksir	menaksir
maksutku	maksudku
malah	bahkan
malam"	malam-malam
malam2	malam-malam
malangg	malang
malem	malam
malem"	malam-malam
malem-malem	malam-malam
males	malas
malh	malah
malingg	maling
malsudnya	maksudnya
malu2in	malu-malui
malu2in	memalukan
maluu	malu
maluuu	malu
maluuuu	malu
mam	makan
mama.nyy	mamanya
mamah	ibu
mamas	mas
mamax	mamanya
mamer	memamerkan
mampuussss	mampus
mampuuu	mampu
mamz	makan
mancing2	memancing-mancing
mancungin	memancungkan
mandiin	memandikan
mandiriii	mandiri
maneh	kamu
manfatin	manfaatkan
mang	memang
manies	manis
maniez	manis
manisnyaaaa	manisnya
manisss	manis
manjaaaa	manja
manjain	memanjakan
mansetan	bermanset
mansyoallah	masyaallah
manta	mantan
mantaaaap	mantap
mantaaap	mantap
mantaap	mantap
mantabb	mantab
mantabs	mantab
mantaff	mantap
mantanny	mantannya
mantapp	mantap
mantappp	mantap
mantapppppp	mantap
manteb	mantap
manteep	mantap
mantep	mantap
mantepp	mantap
manteppp	mantap
mantes	memantas
manusiy	manusia
mao	mau
mapannnn	mapan
marah2	marah-marah
marah2an	marah-marahan
marh	marah
markus	makelar kasus
martabakk	martabak
mas2	mas-mas
masa2	masa-masa
masaaaa	masa
masalah2	masalah-masalah
masalahh	masalah
masi	masih
masihh	masih
masing"	masing-masing
masing2	masih
masing2	masing-masing
masio	masih
maslah	masalah
maso	masa
massss	mas
masukin	masukkan
masukin	memasuki
masukin	memasukkan
masyaallahhh	masyaallah
masyarakay	masyarakat
mata'y	matanya
matany	matanya
mataq	mataku
mateeeeeeeeeeee	mati
mateeeek	mati
mati"an	mati-matian
matian"	mati-matian
matii	mati
mato	mata
mattihhh	mati
mauny	maunya
mauu	mau
mauuu	mau
mauuuu	mau
mauuuuu	mau
mauuuuuu	mau
mauuuuuuu	mau
maw	mau
max	maksimal
may	mau
mayan	lumayan
mayann	lumayan
mb	mbak
mba	mbak
mba"	mbak-mbak
mbaa	mbak
mbaaa	mbak
mbaaahhh	mbah
mbaaass	mbak
mbaak	mbak
mbaakk	mbak
mbahh	mbah
mbak"	mbak-mbak
mbak2	mbak-mbak
mbaknyaahh	mbaknya
mbakx	mbaknya
mbanya	mbaknya
mbasay	mbak sayang
mbenerin	embenakan
mbg	mbak
mbil	sambil
mbk	mbak
mblo	jomblo
mblooo	jomblo
mboizzz	bois
mbuh	embuh
mcm	macam
mcm"	macam-macam
md2ah	mudah-mudahan
mdah"	mudah-mudah
mdah2an	mudah-mudahan
mdh"	mudah-mudah
mdh"an	mudah-mudahan
mdh"n	mudah-mudahan
mdh2an	mudah-mudahan
mdh2n	mudah-mudahan
med	selamat
megang	memegang
mehoonggggg	mahal
meker	mikir
melahirin	melahirkan
melakukn	melakukan
melebihin	melebihi
melihara	memelihara
melu	ikut
meluk	memeluk
membanding"	membanding-banding
membelikansepeda	membelikan sepeda
memcapai	mencapai
memverikan	memberikan
men	teman
menasehati	menasihati
menbelah	membelah
mendam	memendam
mendapatkn	mendapatkan
mendarat mulus	sampai
mendaratt	sampai
mendaratttt	mendarat
mending	lebih baik
mendj	menjadi
mendo'ak	mendoakan
menegerti	mengerti
mengait2kan	mengait-ngaitkan
mengalahkn	mengalahkan
mengepel	ngapel
mengherthii	mengerti
menghilangkn	menghilangkan
mengikutii	mengikuti
mengirusi	mengurusi
mengncang	mengencang
mengperbolehkan	memperbolehkan
menjd	menjadi
menjdi	menjadi
menjelekan	menjelekkan
menjwab	menjawab
mensupport	mendukung
mentah"	mentah-mentah
mentang"	mentang-mentang
mentereng	terik
menurur	menurut
menyebut2	menyebut-nyebut
menyenangkn	menyenangkan
menyimax	menyimak
mepet	dekat sekali
meragukann	meragukan
meranin	memerankan
merapatttttt	merapat
mereka2	mereka-mereka
merekaa	mereka
merekaaaa	mereka
merekak	mereka
merenofasi	merenovasi
meriahh	meriah
meridhoi	meridai
merindinggg	merinding
merk	merek
merka	mereka
merrid	merit
mersa	merasa
mesrany	mesranya
met	selamat
mewujudkn	mewujudkan
mf	maaf
mff	maaf
mfl	maaf
mg	moga
mga	semoga
mgg	semoga
mgk	mungkin
mgkin	mungkin
mgkn	mungkin
mgu	minggu
mh	mah
mhn	mohon
mhon	mohon
miara	memiara
mich	nih
migas	minyak dan gas bumi
miker	minuman keras
mikir2	memikir-mikir
mikirin	memikirkan
mikirinnn	memikirkan
mikol	minuman beralkohol
mikum	assalamualaikum
milih	memilih
milikin	memiliki
milis	mailing list
mimin	admin
mimpi2	mimpi-mimpi
mimpi2nya	mimpi-mimpinya
mimpiii	mimpi
mimpikuu	mimpiku
minder	menghindar
minggu2	minggu-minggu
minpi	mimpi
minta	meminta
mintk	minta
minyak"an	minyak-minyakan
minyakan"	minyak-minyakan
miras	minuman keras
miriiiiip	mirip
miriiiip	mirip
miriiippp	mirip
miriip	mirip
miring2	miring-miring
miriplahhhhhh	miriplah
miripp	mirip
mirippp	mirip
miripppp	mirip
mirp	mirip
mitnah	memfitnah
mjd	menjadi
mjlh	majalah
mk	maka
mk.a	makanya
mkanya	makanya
mkasih	terimakasih
mkin	makin
mkir	memikir
mkn	makin
mknya	maka itu
mknya	makanya
mksd	maksud
mksdku	maksudku
mksdny	maksudnya
mksdnya	maksudnya
mksdx	maksudnya
mksh	terima kasih
mksi	terima kasih
mksih	terima kasih
mkst	maksud
mksud	maksud
mlah	malah
mlalui	melalui
mlati	melati
mlepaskan	melepaskan
mlh	malah
mlikk	milik
mlm	malam
mls	malas
mlt.a	mulutnya
mlu	malu
mlu	melulu
mlulu	melulu
mlz	malas
mmang	memang
mmbanggakan	membanggakan
mmbela	membela
mmberi	memberi
mmberikan	memberikan
mmberikn	memberikan
mmbodohkan	membodohkan
mmg	memang
mmperbaiki	memperbaiki
mmz	mas
mn	mana
mna	mana
mnambah	menambah
mnambh	menambah
mnanti	menanti
mncapai	mencapai
mncoba	mencoba
mndaptkan	mendapatkan
mnding	mending
mndpat	mendapat
mndpt	mendapat
mnerima	menerima
mngasi	mengasih
mngerti	mengerti
mnghina	menghina
mngikuti	mengikuti
mngira	mengira
mngkannya	mangkanya
mngkin	mungkin
mngkn	mungkin
mnilai	menilai
mningglkn	meninggalkan
mnis2nya	manis-manisnya
mnisss	manis
mnjadi	menjadi
mnjawab	menjawab
mnjdi	menjadi
mnjdkan	menjadikan
mnjdkn	menjadikan
mnjijikaaaaaan	menjijikkan
mnjmput	menjemput
mnjual	menjual
mnmbh	menambah
mnrtkuu	menurutku
mnt	minta
mnta	minta
mntn	mantan
mnusuk	menusuk
mnutup	menutup
mnyalahkan	menyalahkan
mnyambung	menyambung
mnyerah	menyerah
mo	mau
model2	model-model
modes	modis
moga	semoga
moga"	semoga
moga"	semoga-semoga
moge	motor gede
mohom	mohon
mokad	mati
mokat	mati
momongan	anak
moqa	moga
moso	masa
mosok	masa
motifasi	motivasi
motret	memotret
mpan	mapan
mpe	sampai
mrah	marah
mrangkul	merangkul
mreka	mereka
mrekaa	mereka
mrekaaaa	mereka
mrip	mirip
mrit	merit
mrk	mereka
mrka	mereka
mrnghadapi	menghadapi
mrusak	merusak
ms	masih
ms"	masa-masa
msa	masa
msalah	masalah
msg2	masing-masing
msh	masih
msi	masih
msih	masih
msk	masuk
mskasih	terima kasih
msknya	masaknya
mskpn	meskipun
mskpun	meskipun
mslh	masalah
mslhnya	masalahnya
msng2	masing-masing
mst	mesti
msuk	masuk
mt	makan teman
mtanya	matanya
mti	mati
mu	mau
muahal	mahal
mualll	mual
muantaap	mantap
muantteepp	mantap
mubes	musyawarah besar
mudaa	muda
mudah"an	mudah-mudahan
mudah"n	mudah-mudahan
mudah'an	mudah-mudahan
mudah2	mudah-mudah
mudah2	mudah-mudahan
mudah2an	mudah-mudahan
mudah2han	mudah-mudahan
mudah2n	mudah-mudahan
mudah2xan	mudah-mudahan
mudahan"	mudah-mudahan
mudahn"	mudah-mudahan
mudh"an	mudah-mudahan
mudhan"	mudah-mudahan
muga	moga
muka"	muka-muka
muka2	muka-muka
mukae	mukanya
mukanyaa	mukanya
mukax	mukanya
muke	muka
muker	musyawarah kerja
muliany	mulianya
mulu	melulu
muluk2	muluk-muluk
mulusssss	mulus
mulut2	mulut-mulut
mulutny	mulutnya
mulutnyaaa	mulutnya
muluuu	melulu
mumet	pusing
mumpung	selagi
muna	munafik
munaafikk	munafik
munafikk	munafik
munas	musyawarah nasional
munaslub	musyawarah nasional luar biasa
mungki	mungkin
mungkiin	mungkin
muntaber	muntah dan berak
mupeng	muka pengin
muraaaaah	murah
murahhh	murah
murhan	murahan
murmer	murah meriah
musda	musyawarah daerah
musti	mesti
muter2	mutar-mutar
mutihin	memutihkan
mutuain	memutuskan
mutusin	memutuskan
muup	maaf
muupz	maaf
muuuu	mu
muuv	maaf
muwujutkan	mewujudkan
muydah"m	mudah-mudahan
mw	mau
mw	now watching
mz	mas
n	dan
na	nya
naaaa	nya
naaaaahh	nah
naaaak	nak
naaahhh	nah
naahhh	nah
naek	naik
nafass	nafas
nafkahin	menafkahi
naggung	menanggung
nagih	menagih
nagihin	menagihkan
nagiss	menangis
nahan	menahan
nahannnn	tahan
nahh	nah
nahhh	nah
najiss	najis
naka	nakal
naksir	menaksir
nakutin	menakutkan
nal	kenal
nama"	nama-nama
nama'in	namai
nama.a	namanya
namain	menamai
namain	namai
namany	namanya
namax	namanya
nambah	bertambah
nambah	menambah
nambah	tambah
nambahh	bertambah
namnya	namanya
nampak	menampak
nampar	menampar
nanam	menanam
nanget	banget
nanggepin	menanggapi
nangiiiiis	menangis
nangiiis	menangis
nangiis	menangis
nangis	menangis
nangis"	menangis-nangis
nangiss	menangis
nangisss	menangis
nantangin	menantang
nantii	nanti
nantiii	nanti
nantik	nanti
nanya	bertanya
nanya	tanya
nanya2	tanya-tanya
naon	apa
napa	kenapa
napi	narapidana
napol	narapidana politik
napsuu	napsu
napza	narkotika, alkohol, psikotropika, dan zat adiktif
naq	anak
nari	menari
narik	menarik
narkoba	narkotika, psikotropika, dan obat terlarang
narsis	bangga pada diri sendiri
nasehatin	menasihati
nasgor	nasi goreng
natap	menatap
naturalllll	natural
nawaitunya	niatnya
nawarin	menawari
nawarn	menawarkan
nax	anak
naxanya	bertanyanya
ncek	encek
nd	indak
nda	indak
nda	tidak
ndak	enggak
ndak	indak
ndak	tidak
ndiri	sendiri
ndukung	mendukung
ndut	gendut
ne	ini
nee	ini
negri	negeri
neh	nih
neko2	neko-neko
nekolim	neokolonialisme
nekolin	neokolonialisme
nelfon	menelepon
nembak	menembak
nembak	menyatakan cinta
nempel	menempel
nemuin	menemukan
nenek"	nenek-nenek
nenek2	nenek-nenek
nengok	menengok
nentuin	menentukan
nerawang	menerawang
nerima	menerima
nerusin	meneruskan
netaas	menetas
netes	menetes
nga	enggak
ngaap	maaf
ngabis2in	menghabiskan
ngabuburit	menunggu berbuka puasa
ngaca	mengaca
ngacaaa	mengaca
ngaco	mengaco
ngadain	mengadakan
ngademin	mengademkan
ngadu	mengadu
ngajak	mengajak
ngajar	mengajar
ngajarin	mengajari
ngajarin	mengajarkan
ngajarnya	mengajarnya
ngaji	mengaji
ngajuin	mengajukan
ngak	enggak
ngakaaaakkk	mengakak
ngakak	mengakak
ngakak	tertawa
ngakakkk	mengakak
ngaku	mengaku
ngaku"	mengaku-ngaku
ngalah	mengalah
ngalahin	mengalahkan
ngalamin	mengalami
ngalir	mengalir
ngalirrrrr	mengalir
ngamatin	mengamati
ngambek	marah
ngambek	mengambek
ngambekan	ambekan
ngambeknya	mengambeknya
ngambil	mengambil
ngamini	mengaminkan
ngampekeun	menyampaikan
ngampus	pergi ke kampus
nganbek	mengambek
ngandalin	mengandalkan
nganggepin	menanggapi
nganggur	tidak punya pekerjaan
ngantar	mengantar
nganteng	ganteng
nganter	mengantar
nganterin	mengantarkan
ngantri	mengantri
ngapah	kenapa
ngapain	mengapa
ngapain	mengapai
ngapain	sedang apa
ngapasih	mengapa sih
ngapus	menghapus
ngarang	mengarang
ngarep	mengharap
ngareppppp	mengharap
ngaret	terlambat
ngarsipin	mengarsipkan
ngaruh	berpengaruh
ngasi	mengasih
ngasih	memberikan
ngasih	mengasih
ngasih2	mengasih-ngasih
ngata2in	mengata-ngatai
ngata2in	mengatai-ngatai
ngatai	mengatai
ngatain	mengatai
ngatur	mengatur
ngawur	berbicara sembarangan
ngayal	mengkhayal
ngblank	nge-blank
ngcpin	mengucapkan
ngebala	bala
ngebales	membalas
ngebandel	berbuat bandel
ngebantu	membantu
ngebatalin	membatalkan
ngebedain	membedakan
ngebela	membela
ngebelain	membela
ngebenci	membenci
ngebiarin	membiarkan
ngebolehin	membolehkan
ngebuktiin	membuktikan
ngecek	mengecek
ngeceng	kumpul bareng-bareng
nged	banget
ngedaftarin	mendaftarkan
ngeditnya	mengeditnya
ngedukung	mendukung
ngefans	fan
ngegampar	menggampar
ngegantiin	menggantikan
ngegemesin	menggemaskan
ngegmesin	menggemaskan
ngegosip	bergosip
ngeh	engah
ngeh	sadar
ngeh	tahu
ngehakimi	menghakimi
ngehancurin	menghancurkan
ngehina	menghina
ngehujat	menghujat
ngeidealin	mengidealkan
ngejalani	menjalaninya
ngejar	mengejar
ngejatuhin	manjatuhkan
ngejelek	menjelekkan
ngejelek2in	menjelek-jelekkan
ngejilat	menjilat
ngejuangin	memperjuangkan
ngekeh	kekeh
ngekek	mengekek
ngeklaim	mengklaim
ngekos	tinggal di kos
ngeksis	menjadi eksis
ngelahirin	melahirkan
ngelakuin	melakukan
ngelamar	melamar
ngelaporin	melaporkan
ngelarang	melarang
ngelawak	melawak
ngelawan	melawan
ngeles	berkilah
ngelewati	melewati
ngeliat	melihat
ngeliatin	melihati
ngeliatnya	melihatnya
ngelidur	menggigau
ngelihat	melihat
ngelihatnya	melihatnya
ngelola	mengelola
ngeluarin	mengeluarkan
ngelucu	melucu
ngembali	kembali
ngembaliin	mengamballikan
ngemeng	bicara terus-terusan
ngemeng	mengomong
ngemis	mengemis
ngepake'	memakai
ngepoin	mengepoi
ngerakit	merakit
ngerampas	merampas
ngerampok	merampok
ngerasa	merasa
ngerasain	merasai
ngerasain	merasakan
ngerayain	merayakan
ngerebut	merebut
ngerebut"	merebut-rebut
ngerendahin	merendahkan
ngerespon	merespons
ngeri2	ngeri-ngeri
ngerii	ngeri
ngeriiiiii	ngeri
ngerrrriiii	ngeri
ngerti	mengerti
ngertii	mengerti
ngertiin	mengerti
ngerubah	mengubah
ngerubah	merubah
ngerussak	merusak
ngesel	menyesal
ngeselin	mengesalkan
nget	banget
ngetik	mengetik
ngetok	mengetuk
ngets	banget
ngetsz	banget
ngettt	banget
ngeuh	engah
ngfans	fan
ngg	enggak
ngga	enggak
ngga	tidak
nggak	enggak
nggak	tidak
nggali	menggali
nggeh	engah
ngggk	enggak
nggk	enggak
ngibul	berbohong
ngidam	mengidam
ngikut	ikut
ngikutin	mengikuti
ngilang	menghilang
ngilangin	menghilangkan
ngiler	mau
ngilerrrr	mengiler
ngimpi	mimpi
nginep	menginap
ngingetin	mengingatkan
nginjek	menginjak
ngintilin	mengintil
ngintip	mengintip
ngintip2	ngintip-ngintip
ngiri	iri
ngiri	mengiri
ngiriii	mengiri
ngirim	mengirim
ngiringan	mengiringi
ngiritya	mengiritnya
ngisi	mengisi
ngisiin	mengisikan
ngitem	menghitam
ngk	enggak
ngkkkkkk	mengakak
ngmg	bicara
ngmg	mengomong
ngmgin	mengomongkan
ngmng	bicara
ngmng	mengomong
ngmngin	mengomongkan
ngmngnya	mengomongnya
ngnter	mengantar
ngobrol	mengobrol
ngoceh	mengoceh
ngocok	mengocok
ngocol	lucu
ngolokin	mengolok
ngom	mengomong
ngomen	mengomentari
ngomenin	mengomentari
ngomentarin	mengomentari
ngomentnya	mengomentarinya
ngomng	mengomong
ngomomg	mengomong
ngomong	bicara
ngomong	mengomong
ngomong"	ngomong-ngomong
ngomongin	membicarakan
ngomongin	mengomongkan
ngomongnya	mengomongnya
ngorbanin	mengorbankan
ngp	mengapa
ngrasain	merasai
ngrasain	merasakan
ngrebut	merebut
ngri	negeri
ngriii	mengiri
ngrti	mengerti
ngrusak	merusak
ngrusin	mengurusi
ngtain	mengatai
ngtif	negatif
ngubek2	mencari-cari
nguburin	menguburkan
ngucapin	mengucapkan
ngulangin	mengulangi
ngumbar	mengumbar
ngumbar2	mengumbar-umbar
ngumpat2	mengumpat-ngumpat
ngumpet"	mengumpet-ngumpet
ngumpul	berkumpul
ngumpul	mengumpul
ngumpulin	mengumpulkan
ngumung	mengomong
ngungkit2	mengungkit-ungkit
ngurus	mengurus
ngurusan	mengurusi
ngurusin	mengurus
ngurusin	mengurusi
nh	nih
nha	nya
ni	ini
ni	nih
nich	nih
nie	ini
nie	nih
niech	nih
nih	ini
nih2	nih-nih
nihh	nih
nihhh	nih
nii	ini
niih	nih
niihh	nih
niiih	nih
niiihh	nih
niiiih	nih
niiiihh	nih
nikaah	nikah
nikahin	menikahi
nikmatin	menikmati
nilai2	nilai-nilai
nimbrung	ikut serta
nimpuk	menimpuk
ninggalin	meninggalkan
ninggiin	meninggikan
nipu	menipu
niru	meniru
niy	nih
niyh	nih
niyyyyhhhh	nih
njay	anjay
njayyy	anjay
njerr	anjir
njiirr	anjir
njir	anjir
njirr	anjir
njirrr	anjir
njrittt	anjir
nkah	nikah
nm	nama
nmany	namanya
nmanya	namanya
nmbah	bertambah
nmbah	menambah
nmbk	menembak
nmnya	namanya
nmor	nomor
nmpk	nampak
nmr	nomor
nnt	nanti
nnti	nanti
nntn	menonton
nntn	nonton
nnton	menonton
nny	tanya
no	nomor
nobar	menonton bareng
nobar	nonton bareng
nolongin	menolong
nomer	nomor
nongkrong	kumpul-kumpul
nongol2	muncul-muncul
nonstop	non-stop
nonton	menonton
nontonnnn	menonton
nontonny	menontonnya
nontonx	menontonnya
nontonya	menontonnya
nontoonnn	menonton
notif	notifikasi
novembr	november
np	now playing
nraktir	mentraktir
nrima	terima
nrka	neraka
nrp	narapidana
nt	nanti
ntab	mantab
ntaf	mantap
ntah	entah
ntap	mantap
ntappp	mantap
ntapsss	mantap
ntar	entar
ntar	nanti
ntar	sebentar
nti	nanti
ntik	cantik
ntikk	cantik
ntn	menonton
ntn	nonton
nton	menonton
ntr	entar
nuduh	menuduh
nuhun	terima kasih
nulis	menulis
numpang	menumpang
numpuk	bertumpuk
nunduk	menunduk
nunggu	menunggu
nungguin	menunggu
nuntut	menuntut
nusuk	menusuk
nutup"in	nutup-nutupi
nutupin	menutupi
nutupin"	menutup-nutupi
ny	nya
nyaa	nya
nyaaa	nya
nyaaaa	nya
nyaaaaaaa	nya
nyaaaaaaaaa	nya
nyaaaaaaaaaaaaa	nya
nyadar	menyadar
nyadar	menyadari
nyadar	sadar
nyah	nya
nyairin	mencairkan
nyakitin	menyakiti
nyala	menyala
nyalahin	menyalahkan
nyamain	menyamakan
nyambet	menyambat
nyambung	menyambung
nyambungin	menyambung
nyampah	membuat sampah
nyampah	menyampah
nyampe	sampai
nyampein	menyampaikan
nyampenya	sampainya
nyangka	menyangka
nyangkaa	menyangka
nyangkut	tersangkut
nyangkutnya	menyangkutnya
nyangkuttt	tersangkut
nyanyiin	menyanyi
nyanyiin	menyanyikan
nyanyiin	nyanyikan
nyaranin	menyarani
nyaranin	menyarankan
nyari	mencari
nyariin	mencari
nyaru	menyaru
nyasar	menyasar
nyatakan	menyatakan
nyatok	mencatok
nyebelin	menyebalkan
nyebur	mencebur
nyebut2	menyebut-nyebut
nyebutin	menyebutkan
nyekar	menyekar
nyekolahin	menyekolahkan
nyela	mencela
nyelesain	menyelesaikan
nyempetin	menyempatkan
nyender	menyandar
nyenengin	menyenangkan
nyengir	menyengir
nyeniii	menyeni
nyeplak	menjiplak
nyerah	menyerah
nyerahin	menyerahkan
nyerang	menyerang
nyerocooooos	mencerocos
nyerocos	mencerocos
nyesek	menyesak
nyesel	menyesal
nyesell	menyesal
nyet	monyet
nyetir	menyetir
nyia2in	menyia-nyiakan
nyiapin	mempersiapkan
nyiapin	menyiapkan
nyicil	mencicil
nyimak	menyimak
nyimpen	menyimpan
nyindir	menyindir
nyindirin	menyindir
nyinyirin	nyinyir
nyir2	nyinyir
nyiram	menyiram
nyisa	tersisa
nympe	sampai
nyngka	menyangka
nyo	nya
nyoba	mencoba
nyobain	mencoba
nyoblos	mencoblos
nyok	ayo
nyok	yuk
nyokap	ibu
nyolong	mencolong
nyolot	menyolot
nyolotinnnn	menyolot
nyta	nyata
nyubit	mencubit
nyubitt	mencubit
nyupir	menyopir
nyusahhin	menyusahkan
nyusahin	menyusahkan
nyusul	menyusul
o	oh
o/	oleh
oa	apa
oalaaaa	walah
obrolan2	obrolan-obrolan krna
ogah	tidak mau
ohh	oh
ohhhh	oh
ohya	oh iya
ok	ok
okeeeey	ok
okeeey	ok
okeh	ok
ol	online
olej	oleh
oles2	oles-oles
olh	oleh
oma2	oma-oma
omaaaaaaakk	oma
omdo	omong doang
omongin	mengomongkan
omongin	omongkan
on time	tepat waktu
ongkiir	ongkir
ongkir	ongkos kirim
ongkirr	ongkir
ono	sono
onoh	sono
ooh	oh
oom	om
oon	bodoh
oooh	oh
oot	out of topic
oplas	operasi plastik
oprasi	operasi
oprasiya	operasinya
or	orang
orabg	orang
orang"	orang-orang
orang"nya	orang-orangnya
orang2	orang-orang
orangg	orang
orangnya"	orang-orangnya
org	orang
org'a	oranganya
org2	orang-orang
orge	orang
orgny	orangnya
orgtuanya	orang tuanya
ori	orisinal
orkes	olahraga dan kesehatan
orlaen	orang lain
orng	orang
orrunya	orang tuanya
ortu	orang tua
ortuny	orang tuanya
ortunya	orang tuanya
ospek	orientasi studi dan pengenalan kampus
otda	otonomi daerah
otot2	otot-otot
otre	ok
otw	on the way, sedang di jalan
owalaah	walah
owh	oh
oya	oh iya
p	bpaak
pa	apa
pa	bapak
pa2	apa-apa
paaak	pak
paati	pasti
pacal	pacar
pacara	pacaran
pacarane	pacarannya
pacaranya	pacarannya
pacarn	pacaran
pacarnyaa	pacarnya
pacarr	pacar
pacarrr	pacar
padahall	padahal
padahl	padahal
padet	padat
padetan	padatan
padhal	padahal
padhe	pakde
padhl	padahal
pagadean	pegadaian
pagi"	pagi-pagi
pagie	pagi
pagii	pagi
pagiii	pagi
pahalax	pahalanya
pahamin	memahami
pahamin	pahami
pahe	paket hemat
pait	pahit
pak	bapak
pakbu	bapak ibu
pake	pakai
pakek	pakai
pakke	pakai
paksain	memaksa
paksain	memaksakan
paksain	paksakan
pala	kepala
palgi	apalagi
palinf	paling
palingann	palingan
pan	kapan
pandanginya	memandanginya
panggilan'y	panggilannya
panggilan'ya	panggilannya
panglingg	pangling
panja	panitia kerja
pankapan	kapan-kapan
pans	fan
pansus	panitia khusus
pantes	pantas
pantess	pantas
pantura	pantai utara
papahhhnya	papahnya
papiii	papi
papling	paling
para2	parah-parah
paraa	para
paraaah	parah
paraah	parah
parahh	parah
paripurnahh	paripurna
parpol	partai politik
parsis	persis
pas	waktu
pas2an	pas-pasan
pasangn	pasangan
pasien"nya	pasien-pasiennya
pasiennya"	pasien-pasiennya
pass	pas
passs	pas
past	pasti
pastii	pasti
pasutri	pasangan suami istri
patas	cepat dan terbatas
payahh	payah
pcar	pacar
pcaran	pacaran
pcaranya	pacarannya
pcarny	pacarnya
pcran	pacaran
pcrn	pacaran
pcrnya	pacarnya
pd	pada
pd	percaya diri
pda	pada
pdahal	padahal
pdhal	padahal
pdhall	padahal
pdhl	padahal
pdl	padahal
pdng	padang
pecahhg	pecah
pede	percaya diri
pedes	pedas
pedesssss	pedas
peduliin	mempedulikan
pedulilaaaah	pedulilah
peeeengen	pengin
peen	pengin
peengn	pengin
pegang2	pegang-pegang
pegangin	memegang
pelastik	plastik
pelatda	pemusatan latihan daerah
pelatnas	pemusatan latihan nasional
peleotin	meleot
peliharaaaa	pelihara
pelwak	pelawak
pemainy	pemainnya
pembokat	pembantu
pemda	pemerintah daerah
pemenang'y	pemenangnya
pemilu	pemilihan umum
pemkot	pemerintah kota
pemprov	pemerintah provinsi
pemred	pemimpin redaksi
pen	pengin
penasaraaann	penasaran
penasarannnn	penasaran
penasarn	penasaran
penbelian	pembelian
pencerahanny	pencerahannya
penfidikan	pendidikan
pengajar2	pengajar-pengajar
pengalam	pengalaman
pengan	pengin
penganten	pengantin
pengeeenn	pengin
pengen	ingin
pengen	pengin
pengen2	pengen-pengen
pengenn	pengin
pengennn	pengin
pengennn    penginaaaaaaaaaaaaaaaaammmmmmmmmmiiiiiiiiiinnnnnnnnnnnnmmmm amin
pengennnn	pengin
pengennya	inginnya
penghrgaan	penghargaan
pengikuy	pengikut
pengn	pengin
pengrusak	perusak
penjas	pendidikan jasmani
penmas	pendidikan masyarakat
pensaran	penasaran
pentass	pentas
pentingg	penting
penyakitny	penyakitnya
penyanyi2	penyanyi-penyanyi
penyebab2	penyebab-penyebab
penyuluh2	penyuluh-penyuluh
peragain	peragakan
perasaanny	perasaannya
perbaikin	memperbaiki
perbulannn	perbulan
percya	percaya
perda	peraturan daerah
perek	wanita tuna susila
pergi2	pergi-pergi
perhatiam	perhatian
perhatiin	perhatikan
perilakuny	perilakunya
perjabatt	pejabat
permasalhkan	permasalahkan
perna	pernah
pernikahn	pernikahan
personill	personil
pertamany	pertamanya
pertamax	pertama
pertma	pertama
perubut	perebut
pesananq	pesananku
pesen	pesan
pesenan	pesanan
pesenin	pesankan
petinggi2	petinggi-petinggi
pg	pagi
pg2	pagi-pagi
pgang	pegang
pgen	pengin
pgi	pagi
pgi	pergi
pgin	pengin
pgn	pengin
pgnnya	penginnya
pi	tapi
pict	picture
piiiilih	pilih
piiink	pink
pijetin	pijitkan
pikir"	pikir-pikir
pilihannny	pilihannya
pilihnmu	pilihanmu
pilkada	pemilihan kepala daerah
pilm	film
pilsa	pulsa
pimpro	pemimpin proyek
pingin	pengin
pinginin	inginkan
pinginnn	pengin
pinginnya	inginnnya
pinkkkk	pink
pinter	pintar
pintr	pintar
pipi'y	pipinya
pipine	pipinya
pipinyaaa	pipinya
piring2	piring-piring
pisan	sangat
pisgor	pisang goreng
pj	penanggungjawab
pjang	pajang
pjg	panjang
pk	bapak
pk	pakai
pk	penjahat kelamin
pkai	pakai
pke	pakai
pkee	pakai
pkek	pakai
pkk	pakai
pkoknya	pokoknya
pkoknyaa	pokoknya
pkrin	pikirkan
pla	pula
plampiasannn	pelampiasan
plg	paling
plg	pulang
pling	paling
pljaran	pelajaran
pljrn	pelajaran
plng	pulang
pls	pulsa
plsa	pulsa
pluk	peluk
plus	dengan
pm	private message
pmbantu	pembantu
pmbayaran	pembayaran
pmbelajaran	pembelajaran
pmbyran	pembayaran
pmenang	pemenang
pmenangnya	pemenangnya
pmenangx	pemenangnya
pmrnth	pemerintah
pnambahan	penambahan
pncairan	pencairan
pndaftran	pendaftaran
pndah	pindah
pndang	pandang
pndapat	pendapat
pngajuan	pengajuan
pngantr	pengantar
pngen	pengin
pngenn	pengin
pnghasiln	penghasilan
pngiriman	pengiriman
pngn	pengin
pnjang	panjang
pnjerumus	penjerumus
pnjng	panjang
pnjual	penjual
pntg	penting
pnting	penting
pnuh	penuh
pny	punya
pnya	punya
pnyaa	punya
pnyuluh	penyuluh
poko	pokok
pokok'a	pokoknya
pokonya	pokoknya
polantas	polisi lalu lintas
polll	pol
pollll	pol
polwan	polisi wanita
ponakn	ponakan
ponpes	pondok pesantren
ponsel	telepon seluler
poollll	pol
poool	pol
poooolllll	pol
positippp	positif
pp	pulang pergi
ppa	apa
ppa	papa
praktekin	mempraktikkan
prasaan	perasaan
prawatan	perawatan
prcuma	percuma
prcy	percaya
prcya	percaya
prdana	perdana
prempuan	perempuan
prg	pergi
prh	parah
prhatian	perhatian
priksa	periksa
prinadi	pribadi
prjuangan	perjuangan
prlu	perlu
prmpuan	perempuan
prnah	pernah
prnh	pernah
pro	profesional
prodac	produk
prodak	produk
prodaknya	produknya
promil	program hamil
promoo	promo
protestin	protestan
prsatukn	persatukan
prtama	pertama
prtamax	pertamanya
prwatn	perawatan
prwtn	perawatan
ps	pas
psangan	pasangan
psen	pesan
psgn	pasangan
psn	pesan
pst	pasti
psti	pasti
pswt	pesawat
pu	punya
puanas	panas
pucing	pusing
pukulin	pukuli
pulaa	pula
pulak	pula
punn	pun
puny	punya
punyaaa	punya
pura2	pura-pura
pusingggg	pusing
putihh	putih
putihnyaa	putihnya
pw	posisi nyaman
pwanaz2	panas-panas
px	punya
py	punya
pyudara	payudara
q	aku
q	ku
qaqaaaa	kakak
qm	kamu
qmo	kamu
qmu	kamu
qo	kok
qobul	kabul
qt	kita
qta	kita
qtax	kitanya
qu	ku
rajin2	rajin-rajin
rakitin	merakitkan
rakor	rapat koordinasi
rame	ramai
rame2	ramai-ramai
rame2	rame-rame
rampg	selesai
rana	ranah
ranmor	kendaraan bermotor
rapih	rapi
rasaiin	rasai
rasain	merasai
rasain	rasai
rasakn	rasakan
raskin	rakyat miskin
rata2	rata-rata
rb	ribu
re	reply
recomendasinya	rekomendasinya
recommendasi	rekomendasi
red	redaksi
redho	ridho
ref	referensi
reg	register
regis	registrasi
regist	mendaftar
rehab	rehabilitasi
reibbettt	ribet
rejeki	rezeki
rek	rekening
rekomendain	rekomendasikan
rekomendasiiin	merekomendasikan
rekomendasiiin	rekomendasikan
rekomendasiin	merekomendasikan
rekomendasiin	rekomendasikan
rekomndd	rekomendasi
rekrui	rekrut
relaaaa	rela
remang2	remang-remang
remarinya	lemarinya
rempong	repot
rempong	sulit
renov	renovasi
renstra	rencana strategis
renttur	return
rentur	return
repong	repot
repot2	repot-repot
repp	balas
rerturnya	kembalinya
reskrim	reserse kriminal
restik	reserse narkotika
retur	return
rezeku	rezeki
rezeky	rezeki
rezeqinya	rezekinya
rezki	rezeki
rhs	Rahasia
rhs	rahasia
ributin	meributkan
rijek	reject
rinduuuuuuu	rindu
rinduuuuuuuuu	rindu
rinduuuuuuuuuu	rindu
rjeki	rezeki
rm	rumah makan
rmbt	rambut
rmbut	rambut
rmbutnya	rambutnya
rmbuut	rambut
rmh	rumah
robbal'aaalamiiiin	robbal'alamin
rofl	rolling on the floor laughing
romantisny	romatisnya
romantiss	romantis
romantiz	romantis
romntis	romantis
rp	rupiah
rpt2	repot-repot
ru	baru
rudal	peluru kendali
ruko	rumah toko
rumahh	rumah
rumh	rumah
rumpiin	rumpi
rupa2nya	rupa-rupanya
rusakkk	rusak
rusun	rumah susun
rusunawa	rumah susun sewa
rutan	rumah tahanan
ruz	terus
rzq	rezeki
s	sampai
s	si
s	sih
s'lalu	selalu
s*inetr*n	sinetron
s3ndiri	sendiri
s4	sempat
sa'at	saat
saat2	saat-saat
saayyyyy	say
sabaarrr	sabar
sabal	sabar
sabaro	sabar
sabarrr	sabar
sabarrrrr	sabar
sadis2	sadis-sadis
sahabat"	sahabat-sahabat
sahabat2	sahabat-sahabat
sahabatt	sahabat
saia	saya
saiank	sayang
saking	sangking
salaam	salam
salahin	salahkan
salammmm	salam
salehah	salihah
salfok	salah fokus
salluutt	salut
salting	salah tingkah
saltum	salah kostum
saltummmm	salah kostum
sam	sama
sama"	sama-sama
sama2	sama-sama
samaa	sama
samaaaa	sama
samara	sakinah mawadah rahman
samoga	semoga
sampai2	sampai-sampai
sampe	sampai
sampe2	sampai-sampai
sampein	sampaikan
sampek	sampai
samperin	jemput
sampeyan	anda
sampis	sampah habis
sampw	sampai
samsek	sama sekali
sangaaattt	sangat
sangat2	sangat-sangat
sangattt	sangat
sanggat	sangat
sangt	sangat
santab	santap
sapa	siapa
sapa2	sapa-sapa
sapose	siapa
saranin	menyarankan
saranin	sarankan
sasama	sesama
satkorlak	satuan koordinator pelaksana
satpam	satuan pengamanan
satuin	satukan
satupunn	satupun
satuu	satu
satuuuuu	satu
satux	satunya
saudara2	saudara-saudara
saudra	saudara
say	sayang
saya2	saya-saya
sayaa	saya
sayaang	sayang
sayangg''	sayang-sayang
sayanggg	sayang
sayangggq	sayangku
sayangkuh	sayangku
sayangkuuuuu	sayangku
sayangx	sayangnya
sayy	sayang
sayyy	say
sbagai	sebagai
sbaiknya	sebaiknya
sbb	sebab
sbb	sebagai berikut
sbbrnya	sebenarnya
sbbyak	sebanyak
sbelah	sebelah
sbelum	sebelum
sbenernya	sebenarnya
sbg	sebagai
sbgai	sebagai
sbge	sebagai
sbh	sebuah
sbhabat	sahabat
sblah	sebelah
sblh	sebelah
sblm	sebelum
sblmny	sebelumnya
sblmnya	sebelumnya
sblmx	sebelumnya
sblum	sebelum
sblumn	sebelumnya
sblumnya	sebelumnya
sbnarnya	sebenarnya
sbnrny	sebenarnya
sbnyak	sebanyak
sbr	sabar
sbuah	sebuah
sby	surabaya
sby2	surabaya-surabaya
scara	secara
scpatny	secepatnya
scr	secara
scra	secara
sd	sampai dengan
sdah	sudah
sdangkan	sedangkan
sdg	sedang
sdgkn	sedangkan
sdh	sudah
sdikit	sedikit
sdkit	sedikit
sdkit2	sedikit-sedikit
sdkt	sedikit
sdngkn	sedangkan
sdr	sendiri
sdri	sendiri
se-abreg	banyak
se7	setuju
seabrek	banyak
seandainy	seandainya
sebaik"	sebaik-baik
sebel	sebal
sebelas dua belas	mirip
sebelum'y	sebelumnya
sebelum2nya	sebelum-sebelumnya
sebelumbya	sebelumnya
sebenernya	sebenarnya
sebnyak	sebanyak
seburuk"	seburuk-buruk
seburuk2	seburuk-buruk
sedangkn	sedangkan
sedihh	sedih
sedihhh	sedih
sedikitlaahh	sedikitlah
see	sih
seeeemua	semua
seeh	sih
seehh	sih
seemangaaattt	semangat
segala"ny	segala-galanya
segala2nya	segala-galanya
segalany"	segala-galanya
segede	sebesar
seger	segar
segerr	segar
segerrrr	segar
segitunya	sebegitunya
segtu	sebegitu
seh	sih
seharusny	seharusnya
sehat2	sehat-sehat
sehh	sih
seindonesiyah	seindonesia
sejahterah	sejahtera
sejukkkkk	sejuk
sekaeang	sekarang
sekali2	sekali-kali
sekalii	sekali
sekaliiii	sekali
sekaliiiii	sekali
sekangen2	sekangen-kangen
sekarg	sekarang
sekarng	sekarang
sekjen	sekretaris jenderal
seklian	sekalian
sekolahin	sekolahkan
sekrang	sekarang
sekrng	sekarang
seksii	seksi
sel	selatan
selaloe	selalu
selaluu	selalu
selamatt	selamat
selesaai	selesai
sellow	selow
selmat	selamat
selmnya	selamanya
selmt	selamat
selsai	selesai
seluru	seluruh
semangaaaaaaatttt	semangat
semangaaaaatt	semangat
semangaaaat	semangat
semangaaaatttt	semangat
semangaaattt	semangat
semangaat	semangat
semangaatt	semangat
semangaatttt	semangat
semangatt	semangat
semangattt	semangat
semangatttt	semangat
sembako	sembilan bahan pokok
sembuhin	menyembuhkan
sembunyi"	sembunyi-sembunyi
sementra	sementara
semnangtt	semangat
semngat	semangat
semogaa	semoga
sempak	celana dalam
sempet	sempat
sempet2nya	sempat-sempatnya
sempurnaa	sempurna
sempurnaaaaa	sempurna
semu	semua
semuaaa	semua
semuannyaaa	semuanya
semuanyaa	semuanya
semuanyaaa	semuanya
semuanyaaaa	semuanya
senang2	senang-senang
senangat	semangat
sendeng	senang
sendirii	sendiri
sendirinnya	sendirinya
sendirinyya	sendirinya
sendirir	sendiri
sendratari	seni drama tari
sendri	sendiri
seneeeeeng	senang
seneng	senang
senengg	senang
senenggg	senang
senengin	senangi
senengnya	senangnya
senior"	senior-senior
senyumin	senyumi
senyumna	senyumnya
seorg	seorang
seputaran	seputar
serasiii	serasi
serem	seram
serem"	seram-seram
serem2	seram-seram
sering2	sering-sering
sertijab	serah terima jabatan
seru2	seru-seru
seru2an	seru-seruan
seruu	seru
seruuu	seru
seruuuuu	seru
serux	serunya
sesatt	sesat
sesekk	sesak
setabil	stabil
setelur2nya	setelur-telurnya
seterong	setrong
setinggi2nya	setinggi-tingginya
setinggi²nya	setinggi-tingginya
setju	setuju
setujuuu	setuju
setujuuuu	setuju
sewain	menyewa
sexi	seksi
sexi2	seksi-seksi
sexxi	seksi
sey	sih
sgampang	segampang
sgla	segala
sgra	segera
sgt	sangat
sgtu	sebegitu
sgtu'y	sebegitunya
sgtunya	segitunya
shaaaay	say
shaay	say
shabat	sahabat
sharusnya	seharusnya
shat	sehat
shay	say
shayy	say
shayyy	say
shbat	sahabat
shbt	sahabat
shering	sharing
shg	sehingga
sholihah	salihah
si	sih
si kecil	anak
sia2	sia-sia
sia2kan	sia-siakan
siang"	siang-siang
siapa2	siapa-siapa
siapaa	siapa
siapayahh	siapa ya
siappa	siapa
sibukx	sibuknya
sich	sih
sichh	sih
sichhhhhhhhhh	sih
sidak	inspeksi mendadak
sie	sih
siech	sih
sieyh	sih
sihat	sehat
sihh	sih
sihhh	sih
sihhhh	sih
sii	sih
siih	sih
siihh	sih
siihhh	sih
siiih	sih
siiihh	sih
siiihhh	sih
siiiiiiippppppppp	sip
siip	sip
siipp	sip
siippp	sip
sikap"	sikap-sikap
sikon	situasi dan kondisi
silahkan	silakan
silahkn	silakan
silauuu	silau
silsturahmi	silaturahmi
simpedes	simpanan pedesaan
simpen	simpan
simple	sederhana
sinet	sinetron
sinetron	sinema elektronik
sintron	sinetron
sip	ok
sipiit	sipit
sipp	sip
siramin	siramkan
siriik	sirik
sirikk	sirik
sis	kakak perempuan
sisaa	sisa
sisain	menyisakan
sista2	sista-sista
sitayngin	ditayangkan
siy	sih
sj	saja
sja	saja
sjk	sejak
sk	suka
ska	suka
skali	sekali
skali2	sekali-kali
skalian	sekalian
skaligus	sekaligus
skalii	sekali
skarang	sekarang
skarng	sekarang
skedar	sekadar
skg	sekarang
skit	sakit
skitar	sekitar
skl	sekali
sklh	sekolah
skli	sekali
skligus	sekaligus
sklinyaa	sekalinya
skluarga	sekeluarga
skolah	sekolah
skr	sekarang
skrang	sekarang
skrg	sekarang
skrng	sekarang
skrngnya	sekarangnya
skrnh	sekarang
skt	sakit
sktika	seketika
sktlrang	sekarang
skul	sekolah
slaaluuuuuu	selalu
slah	salah
slahkan	salahkan
slain	selain
slalu	selalu
slaluuuuu	selalu
slam	salam
slama	selama
slamat	selamat
slamet	selamat
slamt	selamat
slang	formal
slasa	selasa
sldo	saldo
slesai	selesai
slh	salah
slhkan	salahkan
sling	saling
sll	selalu
sllu	selalu
slm	salam
slma	selama
slma	selama brgbung
slmat	selamat
slmnya	salamnya
slmt	selamat
slmttt	selamat
slnya	karena
slsai	selesai
slt	sulit
slw	selow
sm	sama
sm2	sama-sama
sma	sama
sma"	sama-sama
sma2	sama-sama
smakin	semakin
smalem	semalam
smangat	semangat
smangatttt	semangat
smanget	semangat
smbil	sambil
smentara	sementara
smg	semoga
smga	semoga
smgaa	semoga
sminggu	seminggu
smkin	semakin
smnagatin	menyemangati
smngat	semangat
smngt	semangat
smnjak	semenjak
smog	semoga
smoga	semoga
smogaaa	semoga
smp	sampai
smpai	sampai
smpe	sampai
smpek	sampai
smpet	sempat
smpk	sampai
smpt	sempat
smrg	semarang
smster	semester
smua	semua
smuaaa	semua
smuane	semuanya
smuanya	semuanya
smulla	semula
smvk	sempak
smw	semua
smwa	semua
smwny	semuanya
sna	sana
snang	senang
sndiri	sendiri
sndr	sendiri
sndri	sendiri
sneng	senang
sng	senang
sngaja	sengaja
sngt	sangat
so	sok
soal'y	soalnya
soalnya	karena
soalx	soalnya
sodara	saudara
sodara2	saudara-saudara
sodaraku	saudaraku
soga	moga
sok2	sok-sok
sok2an	sok-sokan
sokk	sok
soljum	sholat jumat
solusix	solusinya
somse	sombong sekali
songong	sombong
sooo	so
sore"	sore-sore
sore2	sore-sore
sosek	sosial-ekonomi
sospol	sosial-politik
sotoy	sok tahu
sotoy	sok tau
sova bed	sofa bed
sowry	maaf
sp	sapa
sp	siapa
spa	siapa
spd	sepeda
sperti	seperti
spertinya	sepertinya
sppa	siapa
sprt	seperti
sprti	seperti
spt	seperti
spti	seperti
spy	supaya
spya	supaya
srby	surabaya
srbya	surabaya
srng	sering
srpti	seperti
srruu	seru
srta	serta
srtfkt	sertifikat
ssemangat	semangat
ssmanagttt	semangat
ssorg	seseorang
sstu	sesuatu
staf2nya	staf-stafnya
stagahhhh	astaga
stap	staf
status2	status-status
statusx	statusnya
steess	stres
stelah	setelah
stiap	setiap
stidaknya	setidaknya
stimpal	setimpal
stju	setuju
stlah	setelah
stlh	setelah
storannya	setorannya
stp	setiap
stress	stres
strus	terus
stts	status
sttss	status
sttus	status
sttusnya	statusnya
stu	satu
stuju	setuju
suami'y	suaminya
suamiii	suami
suamiiiii	suami
suaminga	suaminya
suaminy	suaminya
suaranyaa	suaranya
suaranyaaaaa	suaranya
suaranyaaaaaa	suaranya
suaraynyaa	suaranya
suarranya	suaranya
subahanallah	subhanallah
subbag	subbagian
subhanaallahh	subhanallah
subhanallahhh	subhanallah
subhanalloh	subhanallah
subhannallah	subhanallah
subhnallah	subhanallah
suces	sukses
sucses	sukses
sud	sudah
suda	sudah
sudab	sudah
sudh	sudah
suerrr	suer
suiip	sip
suipit	sipit
suk	masuk
suk	suka
suka.a	sukanya
suka2	suka-suka
sukaa	suka
sukaaa	suka
sukaaaa	suka
sukaaaaaa	suka
sukaaak	suka
sukak	suka
sukakkk	suka
sukam	suka
sukkaa	suka
suko	suka
sukse	sukses
suksea	sukses
suksess	sukses
sukur2	sukur-sukur
sulitny	sulitnya
sumai	suami
sumbangin	sumbangkan
sumpahh	sumpah
sumpeh	sumpah
sumpek	sempit
sumvahh	sumpah
sunah2	sunah-sunah
sunggu	sungguh
sungguh2	sungguh-sungguh
supeer	super
superrrrrrrr	super
surgaa	surga
suru	suruh
swamiku	suamiku
sweger	segar
swmntara	sementara
sy	saya
sya	saya
syang	sayang
syantiek	cantik
syantiiiiikkkkkkkkkkkk	cantik
syantik	cantik
syantikq	cantikku
syediih	sedih
syediiihhh	sedih
syekaliii	sekali
syg	sayang
sygkuu	sayangku
syirik"	syirik-syirik
syng	sayang
syngnya	sayangnya
synk	sayang
syp	siapa
sypa	siapa
syrat	syarat
syratnya	syaratnya
syudah	sudah
syukaaakkk	suka
t4	tempat
tabanas	tabungan pembangunan nasional
taek	tahi
taekk	tahi
tah	teh
tahannn	tahan
tahun"	tahun-tahun
tahun2	tahun-tahun
tai	tahi
taiiii	tahi
taik	tahi
tajir	kaya
takuttt	takut
takuuuuut	takut
tambahh	tambah
tambahim	tambahkan
tambahin	tambahkan
tambh	tambah
tambhn	tambahan
tampialannya	tampilannya
tamu2	tamu-tamu
tamvann	tampan
tanda2nya	tanda-tandanya
tanggung2	tanggung-tanggung
tangkep	tangkap
tangut	tanggerang utara
tanpilan'a	tampilannya
tante"	tante-tante
tante2	tante-tante
tantee	tante
tanteny	tantenya
tanya2	tanya-tanya
tanyain	tanyakan
tanyang	tayang
taon	tahun
tap8	tapi
tapii	tapi
tapiiii	tapi
tapo	tapi
tappi	tapi
tar	entar
tar	nanti
tarraa	tara
tarsok2	nanti-nanti
tataq	tataku
tau	tahu
tau2	tau-tau
taun	tahun
taunya	tahunya
tauu	tau
tauuu	tau
tauuuu	tau
tauuuuu	tau
taux	taunya
taw	tahu
taw	tau
tawh	tahu
tay	tahi
tayik	tahi
taz	atas
tbuh	tubuh
td	tadi
tdak	tidak
tdi	tadi
tdk	tidak
tdnya	tadinya
tdr	tidur
tdung	tudung
tdur	tidur
te2p	tetap
tebel	tebal
tebir	ribet
tebir"	ribet-ribet
tegaar	tegar
teguran2	teguran-teguran
teh	kakak perempuan
tehh	teh
tehhh	teh
tehhhh	teh
tekor	rugi
telaatt	telat
telat	terlambat
telat2	telat-telat
telattt	telat
telefisi	televisi
telen	telan
telfon	telepon
telimakacih	terima kasih
telkom	telekomunikasi
telmi	telat berpikir
telp	telepon
teman"ny	teman-temannya
teman2	teman-teman
temanny"	teman-temannya
tembemmm	tembem
tembokk	tembok
temen	teman
temen"	teman-teman
temen-temen	teman-teman
temen2	teman-teman
temenan	berteman
temenkuuh	temanku
temenn	teman
temennya	temannya
tempat2	tempat-tempat
tempt	tempat
tengah2	tengah-tengah
tengaj	tengah
tenggah	tengah
tengil	menyebalkan
tengkyu	terima kasih
tengok	menjenguk
tenny	tenang
tentanh	tentang
tepar	terkapar
terangkhn	terangkan
terbaeeeek	terbaik
terbaeq	terbaik
terbaiiikkkkk	terbaik
terbaikkk	terbaik
terbitin	terbitkan
terburu2	terburu-buru
tercapay	tercapai
terhaaru	terharu
terharuuu	terharu
terharuuuu	terharu
terima2	terima-terima
terimakaaih	terima kasih
terimakasih	terima kasih
terimaksih	terima kasih
terimkasih	terima kasih
teringt	teringat
terjrumus	terjerumus
terkabulkn	terkabulkan
terkabull	terkabul
terkabulllllll	terkabul
terkenall	terkenal
terkhr	terakhir
termiribkan	termiripkan
termksh	terima kasih
termuraaahhhh	termurah
termurahhh	termurah
termurahhhh	termurah
ternodain	ternodai
ternyataa	ternyata
terong2an	terong-terongan
terossss	terus
terrrrbaik	terbaik
teru	terus
terupdate	terbaru
terus"an	terus-terusan
terus2an	terus-terusan
terusan"	terus-terusan
teruss	terus
terusss	terus
terussss	terus
terusssss	terus
teruuss	terus
teruz	terus
teruzzz	terus
testi	testimoni
testinya	testimoninya
tetaplaah	tetaplah
tetapppp	tetap
teteeeeeppp	tetap
tetehh	teteh
tetep	tetap
tetp	tetap
teturn	return
teyuss	terus
tg	tunggu
tggu	tunggu
tgk	tengok
tgl	tanggal
tglnya	tanggalnya
tgs	tugas
tgu	tunggu
th	tahu
th	tahun
th	teh
th2	tahu-tahu
th2	tahun-tahun
than	tahan
thanks	terima kasih
thankz	terima kasih
thd	terhadap
thdp	terhadap
therchakitty	tersakiti
thn	tahun
thnan	tahunan
thu	itu
thu	tuh
thun	tahun
thx	terima kasih
tiba2	tiba-tiba
tidakkkk	tidak
tiga2nya	tiga-tiganya
tikung2	tikung-tikung
tilang	bukti pelanggaran
timggal	tinggal
tingal	tinggal
tinggalin	tinggalkan
tinggalkn	tinggalkan
tinggall	tinggal
tinggl	tinggal
tipe2	tipe-tipe
tipi	TV
tipiwan	TvOne
tips2	tips-tips
tipu2nya	tipu-tipunya
tium	cium
tk	tak
tkg	tukang
tks	terima kasih
tkt	tiket
tkut	takut
tlah	telah
tlah	terlah
tlg	tanggal
tlg	tolong
tll	terlalu
tlng	tolong
tlog	tolong
tlong	tolong
tlp	telepon
tlpn	telepon
tls	tulis
tlsn	tulisan
tlvn	telepon
tman	teman
tmbah	tambah
tmbh	tambah
tmbm	tembam
tmen	teman
tmen2	teman-teman
tmn	teman
tmn"	teman-teman
tmn2	teman-teman
tmn2nya	teman-temannya
tmpah	tumpah
tmph	tumpah
tmpt	tempat
tnang	tenang
tnda	tanda
tnggal	tanggal
tnggl	tanggal
tnggu	tunggu
tnggu2	tunggu-tunggu
tngh	tengah
tngu	tunggu
tnh	tanah
tnp	tanpa
tnpa	tanpa
tntg	tentang
tntram	tentram
tny	tanya
tnya	tanya
tnya2	tanya-tanya
tnyakan	tanyakan
tnyakn	tanyakan
tnyta	ternyata
to	tapi
togel	toto gelap
tohh	toh
tokai	tai
tokayyy	tahi
toketnya	teteknya
tokony	tokonya
tolernsi	toleransi
toloollll	tolol
toloooongggg	tolong
tompes	tumpas
tongolin	menongol
toserba	toko serba ada
tot	entot
tp	tapi
tpi	tapi
tpii	tapi
tplampu	tapi lampu
tpy	tapi
tq	terima kasih
trakhir	terakhir
transper	transfer
trasa	terasa
trasport	transport
traspot	transport
trbaik	terbaik
trbaikk	terbaik
trbatas	terbatas
trbukti	terbukti
trcapaii	tercapai
trdhulu	terdahulu
trganggu	terganggu
trgntg	tergantung
trhtung	terhitung
triak	teriak
triak2	teriak-teriak
trima	terima
trima	terima kasih
trimakasih	terima kasih
trimaksih	terima kasih
trims	terima kasih
trjadi	terjadi
trjd	terjadi
trkabul	terkabul
trknal	terkenal
trkrim	terkirim
trlalu	terlalu
trlihat	terlihat
trll	terlalu
trlmbat	terlambat
trm	terima
trma	terima
trmanis	termanis
trmasuk	termasuk
trmksh	terima kasih
trmksih	terima kasih
trmsuk	termasuk
trnyata	ternyata
trnyt	ternyata
trnyta	ternyata
troma	trauma
trpsah	terpisah
trrharu	terharu
trs	terus
trsa	terasa
trsbut	tersebut
trserah	terserah
trserh	terserah
trsrh	terserah
trun	turun
trus	terus
trusan.a	terusannya
trusss	terus
trussss	terus
trutama	terutama
trwujud	terwujud
trz	terus
ts	penulis
tsb	tersebut
tst	tahu sama tahu
ttap	tetap
ttd	tertanda
tteh	teteh
ttep	tetap
ttg	tentang
tth	teteh
tth2	teteh-teteh
ttinggi	tinggi
ttp	tetap
tu	itu
tua2	tua-tua
tuany	tuanya
tuch	tuh
tuh	itu
tuhanny	tuhannya
tuhh	tuh
tuhhh	tuh
tuir	tua
tuk	untuk
tukan	tukang
tuker	tukar
tulenn	tulen
tullus	tulus
tumpe2	tumpah-tumpah
tunggu2	tunggu-tunggu
tunjukan	tunjukkan
tunjukin	tunjukkan
tutorialx	tutorialnya
tutupin	menutupi
tuu	itu
tuu	tuh
tuuh	tuh
tuuu	itu
tuuuuh	tuh
tuwanya	tuanya
tuwek	tua
tuwh	tuh
tv	televisi
tw	tahu
tw	tau
twarin	tawarkan
tx	tak
tx	tanya
tyap	tiap
typ	tetap
u	kamu
u	lu
u	untuk
u/	untuk
uaaasssiiiik	asik
uange	uangnya
uangx	uangnya
ubur2	ubur-ubur
ucapin	mengucapkan
ucul	lucu
ucull	lucu
ucullllll	lucu
ud	sudah
uda	sudah
udah	sudah
udah2	sudah-sudah
udahh	sudah
udahlah	sudahlah
udeh	sudah
udehh	sudah
udh	sudah
uga	juga
ugaaa	juga
ugha	juga
ughaa	juga
uhh	uh
uhhh	uh
uih	uh
uitnya	duitnya
ujg	ujung
ujung2	ujung-ujung
ujung2nya	ujung-ujungnya
ujunggg	ujung
ul	ulangan
ulan	ulang
ultah	ulang tahun
ultahe	ultahnya
ultha	ultah
undangan2	undangan-undangan
ungkapin	ungkapkan
ungkit2	ungkit-ungkit
univ	universitas
unt	untuk
untk	untuk
unyu	lucu
unyu	menggemaskan
unyu2	unyu-unyu
unyuu	unyu
unyuuk	unyu
updte	update
uplot	unggah
uppu	apa
urang	saya
urat2nya	urat-uratnya
urg	saya
ursan	urusan
urusanny	urusannya
urusin	mengurusi
urusin	urus
urusn	urusan
usa	usah
usah	perlu
usahaq	usahaku
usahh	usah
ush	usah
ustzah	ustazah
utang	hutang
utk	untuk
utkmu	untukmu
utul	ujian tertulis
uuh	uh
uuhh	uh
uuhhh	uh
uuuuuaaaaaaaaaappppppppppiiiiiiiiiiiiiiiiiikkkkkkkkkkkkkkkk	apik
uwahhhhh	wah
uwakk	uwak
uwee	gue
uztad	ustad
valas	valuta asing
vol	volume
w	gue
w/	dengan
waaa	wah
waaaaw	wow
waaahhh	wah
waaaww	wow
waaawwww	wow
waah	wah
wad	buat
wadaaw	waduh
wadir	wakil direktur
wado	waduh
waduh	aduh
waduhh	waduh
waduhhh	waduh
waduuhhh	aduh
waduuuuh	waduh
wagub	wakil gubernur
wahh	wah
wahhh	wah
wahhhhhh	wah
wajarrr	wajar
wajiiib	wajib
waktunyaaa	waktunya
walik	balik
wamil	wajib militer
wanitah	wanita
wanjerrr	anjir
wanjiir	anjir
waoohhh	wah
warbiyasa	luar biasa
warbiyasah	luar biasa
waria	wanita pria
warkop	warung kopi
warnaaa	warna
warnany	warnanya
warnet	warung internet
warteg	warung tegal
wartel	warung telekomunikasi
was2	was-was
wat	buat
waw	wow
waww	wow
wawwwww	wow
wdooohhh	waduh
weeeh	wih
week	wig
wenak	enak
wenakk	enak
weww	wow
wewww	wow
widihh	idih
widihh	waduh
wihh	wih
wihhh	wih
wihhhhhh	wih
wiih	wih
wiiiihhhh	wih
wiiiihhhhhhhhh	wih
wik	wig
wil	wilayah
wjh	wajah
wk	tertawa
wk	waktu
wkt	waktu
wktu	waktu
wktunya	waktunya
wkwk	tertawa
wlau	walau
wlaupun	walaupun
wlawpun	walaupun
wlo	walau
wlopun	walaupun
wlwpun	walaupun
woey	woy
woles	selow
wong2	wong-wong
woooiiiii	woy
woooiiiiiiii	woy
wooow	wow
wooowww	wow
woooyy	woy
woow	wow
woowwww	wow
woro-wiri	jalan-jalan
wota2	wota-wota
wouww	wow
wowoooww	wow
woww	wow
wowww	wow
wowwww	wow
wowwwww	wow
woyyy	woy
wqktu	waktu
wrn	warna
wtf	what the fuck
wth	what the hell
wuastagah	astaga
x	kali
xixixi	tertawa
xlian	kalian
y	kenapa
y	nya
y	saya
y	ya
ya	iya
yaa	ya
yaaa	ya
yaaa 	ya
yaaaa	ya
yaaaaaa	ya
yaaaaaaa	ya
yaaah	ya
yaaah	yah
yaaampunnn	ya ampun
yaaang	yang
yaah	ya
yaahh	ya
yaahhh	ya
yaak	ya
yaakk	ya
yaakkk	ya
yaampuuuunnnn	ya ampun
yaang	yang
yach	ya
yach	yah
yachhh	ya
yad	yang akan datang
yaelahhh	alah
yah	ya
yahbh	ya
yahh	ya
yahhh	ya
yahhh	yah
yahhhh	ya
yak	ya
yakaliiiii	yakali
yakinn	yakin
yakk	ya
yam	ya
yanckh	yang
yank	sayang
yankkk	sayang
yaoloh	ya allah
yaoloh	yaallah
yaolohh	ya allah
yap	iya
yap	ya
yapp	ya
yappp	ya
yapz	iya
yaudah	ya sudah
yaudh	ya sudah
yauwda	ya sudah
yawdah	ya sudah
yawlah	ya allah
yawloh	ya allah
yayang	sayang
ybs	yang bersangkutan
yeaaay	yes
yee	ya
yeee	ya
yeeee	ya
yeeeeyy	yey
yep	ya
yess	yes
yeuh	ya
yg	yang
ygs	sayang
yh	ya
yha	ya
yhaaa	ya
yheeee	ye
yi	yaitu
yl	yang lain
yng	yang
ynk	sayang
yo	iya
yo	ya
yoha	iya
yoiii	yoi
yoiiu	yoi
yok	yuk
yokk	yuk
yokkk	yuk
yoo	ayo
yoo	ya
yook	yuk
yoooiii	yoi
yoookkkk	yuk
yooookkk	yuk
yooow	ya
yowes	ya sudah
yq	yang
ysh	ya
yth.	yang terhormat
yu	yuk
yua	ya
yuh	tuh
yuk	ayo
yukk	yuk
yukkk	yuk
yukkkk	yuk
yuks	yuk
yukss	yuk
yup	iya
yup	ya
yuppss	ya
yuu	yuk
yuuk	yuk
yuukk	yuk
yuukkk	yuk
yuuks	yuk
yuuu	yuk
yuuuk	yuk
yuuuks	yuk
yuuuuk	yuk
yuuuukkk	yuk
yuwkkk	yuk
ywdh	ya sudah
yya	ya
yyaaa	ya
z	saja
za	saja
zama	zaman
